整租| 杭州江干区下沙龙湖天街滟澜星座1室1厅1厨一卫,https://www.douban.com/group/topic/123525141/
城西银泰对面，超便宜独立厨卫单间，非合租，包网物业，随时可入住，性价比高,https://www.douban.com/group/topic/123022154/
金沙湖地铁站附近，柠檬郡找室友无中介费，精装修,https://www.douban.com/group/topic/123594592/
火车东站旁东方星城有房出租无中介费可整租可风租图片实拍,https://www.douban.com/group/topic/123677381/
汽车北站融信学院府转租1300,https://www.douban.com/group/topic/123980682/
二号线飞虹路-钱江世纪城-联合中心-丽晶国际――万和国际 单人间1260起,https://www.douban.com/group/topic/121963740/
黄龙打车起步价 城西银泰附近 标准一室一厅单身公寓出租 拎包入住,https://www.douban.com/group/topic/123078909/
黄龙打车起步价 地铁二号线 城西银泰旁 西城纪精装两室两厅出租,https://www.douban.com/group/topic/123107103/
整租| 杭州江干区下沙龙湖天街滟澜星座1室1厅1厨一卫,https://www.douban.com/group/topic/123526442/
城西银泰附近单间出租无中介费服务费图片实拍,https://www.douban.com/group/topic/123670049/
龙都大厦，独立卫生间，比邻天目山医院，蚂蚁金服，中小企业大厦。,https://www.douban.com/group/topic/124012970/
城西银泰城-天阳尚景国际1期-三房两卫一厅一厨-找小次卧室友,https://www.douban.com/group/topic/123360219/
西湖区 次卧找合租,https://www.douban.com/group/topic/123912563/
东港嘉苑一区单间转租，东站附近。,https://www.douban.com/group/topic/123863864/
城西银泰对面 拱苑小区 三室一厅一卫 4500  价格美丽 先到先得,https://www.douban.com/group/topic/123682035/
【转租】滨安小区-两室一厅整租-西兴地铁口,https://www.douban.com/group/topic/123961699/
城西银泰 德信西宸 朝南大房间带阳台 1665 精装修 只此一间 先到先得,https://www.douban.com/group/topic/123747815/
好房推荐 无中介费 790元,https://www.douban.com/group/topic/121558981/
《房东》城西银泰边上，地铁二号线附近《保利香槟国际》一室一厅一厨一卫,https://www.douban.com/group/topic/122613842/
1600房东直租滨江玲珑府朝南单间无中介费靠近1号线西兴滨康站华为网易阿里海康,https://www.douban.com/group/topic/123667807/
钱江世纪城2号线地铁口 丽晶国际 超大景观阳台,https://www.douban.com/group/topic/111366196/
1600房东直租滨江玲珑府朝南单间一号线直达靠近网易阿里海康华为,https://www.douban.com/group/topic/123666769/
《房东》城西银泰边上，地铁二号线附近《保利香槟国际》一室一厅一厨一卫,https://www.douban.com/group/topic/122613842/
1600房东直租滨江玲珑府朝南单间无中介费靠近1号线西兴滨康站华为网易阿里海康,https://www.douban.com/group/topic/123667807/
钱江世纪城2号线地铁口 丽晶国际 超大景观阳台,https://www.douban.com/group/topic/111366196/
1600房东直租滨江玲珑府朝南单间一号线直达靠近网易阿里海康华为,https://www.douban.com/group/topic/123666769/
近黄龙，支付宝，二号线古翠路站，嘉绿苑新出朝南一室出租，独立厨卫带阳台，照片实拍,https://www.douban.com/group/topic/123436054/
地铁2号线。三坝地铁口城西银泰旁。东方福邸一室一厅，实图实价，同类型我有八套,https://www.douban.com/group/topic/121300840/
 天目山路古翠路口龙都大厦单间出租 朝南独卫 可以做饭有阳台,https://www.douban.com/group/topic/124012769/
凤起路地铁口，3800元两室，可整租或合租,https://www.douban.com/group/topic/123193961/
不想付中介费，服务费的看过来。房东约谈，价格美丽。〈杭州拱墅余杭〉,https://www.douban.com/group/topic/123980819/
逸家花苑，乔司地铁站旁，精装修，拎包入住，个人,https://www.douban.com/group/topic/124012721/
个人出租 拱墅区大关小区 合租,https://www.douban.com/group/topic/123690225/
黄龙 支付宝附近 欧式装修朝南一室带阳台 独立厨卫 拎包入住 随时看房,https://www.douban.com/group/topic/123657222/
【个人转租无甲醛现可入住】2号线地铁口耀江文鼎苑朝南次卧招合租小伙伴/不限性别,https://www.douban.com/group/topic/123953986/
西湖转塘定北家园 金街美地 美院押一付一无中介可短租,https://www.douban.com/group/topic/123805285/
2、4号线地铁口(钱江三苑)精装朝南主卧次卧出租,https://www.douban.com/group/topic/124004231/
浙商财富中心附近，西城广场旁，电信大楼LOFT三房两卫出租，合租首选，也可办公,https://www.douban.com/group/topic/123659482/
七堡地铁口，火车东站有房出租,https://www.douban.com/group/topic/120768435/
2号线飞虹路地铁口，美哉美城，精装修，民用水电，月付。出门菜市场，美食城，健身游泳馆。微电同号15068744575,https://www.douban.com/group/topic/123991606/
今日优房：汽车北站旁『雍容华庭』小区  合租单间 价格1200起 先到先得,https://www.douban.com/group/topic/123810828/
火车东站 彭埠地铁站 西子国际 两室LOFT整租,https://www.douban.com/group/topic/123657732/
地铁古翠路 嘉绿南苑 主卧出租,https://www.douban.com/group/topic/123012612/
房东直租学院北路雍荣华庭朝北一室一厅1500，可烧饭，水电外全包,https://www.douban.com/group/topic/124005167/
德胜东村 浙江工业大学旁边德胜路与绍兴路交叉口，精装主卧带阳台1500,https://www.douban.com/group/topic/121196635/
房东直租北站附近三坝地铁口雍荣华庭各种单间1100-2500，除水电全包,https://www.douban.com/group/topic/123999514/
【彭埠地铁站，明月嘉苑3区】2室1厅次卧出租找室友,https://www.douban.com/group/topic/123972032/
二号线三坝站附近 城西银泰旁，独立厨卫一居室，照片实拍，随时看房,https://www.douban.com/group/topic/123723168/
荣邦嘉华公寓 三墩地铁口  主卧朝南 独卫 交通便利配套齐全1700,https://www.douban.com/group/topic/121108015/
1230起！地铁2号线沿线，近钱江世纪城单间出租 可2居3居整租 应届毕业生可免押金月付,https://www.douban.com/group/topic/121464871/
汽车北站旁 融信学院府精装朝南主卧带阳台1800次卧1500,https://www.douban.com/group/topic/122486784/
近黄龙，支付宝，二号线古翠路站，嘉绿苑新出朝南一室出租，独立厨卫带阳台，照片实拍,https://www.douban.com/group/topic/123943705/
房东直租杭行路万达广场对面《富越盈座》整租53方一室一厅,https://www.douban.com/group/topic/123214925/
(单间出租)萧山 首月立减800华瑞晴庐 建设一路地铁 东方一品月付无中介,https://www.douban.com/group/topic/123855769/
（非中介）下沙  高层景观  高档白领公寓 押一付一 拎包住,https://www.douban.com/group/topic/122339008/
（个人转租） 单间小lofer 下沙元成小时代,https://www.douban.com/group/topic/123869152/
(单间出租)萧山 首月减免800 钱江世纪城 美哉美城利二花苑2号线 押一付一,https://www.douban.com/group/topic/123856392/
三坝地铁口旁两室厨一卫朝南带阳台，有图有真相！,https://www.douban.com/group/topic/123957818/
可短租短租人工智能小镇未来科技城文一.青枫墅园次卧800主卧带独卫1390,https://www.douban.com/group/topic/123542850/
房东直租学院北路中粮大悦城《三宝郡庭》整租65方两室一厅,https://www.douban.com/group/topic/123215379/
(单间出租)首月立减800开发区明江苑华瑞晴庐建设一路地铁月付无中介,https://www.douban.com/group/topic/123858033/
房东租梦想小镇乐佳国际杭师大乐富海邦园《仓溢东苑1600一室独卫3000两室一厅,https://www.douban.com/group/topic/122165495/
首月房租860 杭州萧山美哉美城单间出租 精装修 地铁2号线附近 奥体中心,https://www.douban.com/group/topic/123872181/
整租 | 杭州江干下沙龙湖天街对面，地铁1号线，金沙湖站上，盖豪华公寓，龙湖滟澜星座欢迎您。,https://www.douban.com/group/topic/123509108/
房东直租 地铁二号线 城西银泰 单间单身公寓 一室两室三室都有 性价比超高,https://www.douban.com/group/topic/122881250/
海康吉利公司旁，利一家园小区朝南大房间，拎包入住！,https://www.douban.com/group/topic/121999991/
北软万达 有主卧单间出租 带独立卫生间 无中介费,https://www.douban.com/group/topic/114042371/
,https://www.douban.com/group/145219/?ref=sidebar
首月房租860 杭州萧山美哉美城单间出租 精装修 地铁2号线附近 奥体中心,https://www.douban.com/group/topic/123872181/
整租 | 杭州江干下沙龙湖天街对面，地铁1号线，金沙湖站上，盖豪华公寓，龙湖滟澜星座欢迎您。,https://www.douban.com/group/topic/123509108/
房东直租 地铁二号线 城西银泰 单间单身公寓 一室两室三室都有 性价比超高,https://www.douban.com/group/topic/122881250/
海康吉利公司旁，利一家园小区朝南大房间，拎包入住！,https://www.douban.com/group/topic/121999991/
北软万达 有主卧单间出租 带独立卫生间 无中介费,https://www.douban.com/group/topic/114042371/
个人房东  单间出租  价格1300  三里家园一区,https://www.douban.com/group/topic/121219838/
首月只需1330 滨江湘云雅苑单间出租 精装修 自带阳台 空间大 交通便利,https://www.douban.com/group/topic/123872797/
房东直租，九堡四季青附近《胜稼红星嘉园》单身公寓1100元低价出租，有图,https://www.douban.com/group/topic/120596301/
首月租金930 萧山家乐公寓 一房出租 精装修 临近地铁2号线 恒隆广场 交通便利 ,https://www.douban.com/group/topic/123873593/
西溪湿地旁 白领公寓 押一付一 智能门禁 购物中心 交通便利,https://www.douban.com/group/topic/123383685/
整租| 龙湖天街滟澜星座1室1厅1厨一卫,https://www.douban.com/group/topic/123509433/
打铁关地铁口 和平广场旁 1000/月  精装修单身小公寓 独门独户独卫  月付,https://www.douban.com/group/topic/122973561/
1号线七堡地铁口附近有房出租,https://www.douban.com/group/topic/116048001/
古墩路 二号线三坝站附近 城西银泰旁，朝南一室独卫，照片实拍，随时看房,https://www.douban.com/group/topic/123979247/
地铁一号线滨和路地铁口，迎春小区次卧出租1800一月，拎包入住！,https://www.douban.com/group/topic/123474809/
滨江找合租或整租房 1号线西侧,https://www.douban.com/group/topic/121043085/
钱江世纪城有房出租，价格700-1600,https://www.douban.com/group/topic/123852787/
近1号线南苑地铁口 良熟新苑 华元欢乐城 赞成首府 余之城 万泰城章 房东直租 月付精装修,https://www.douban.com/group/topic/124012382/
2号线沈塘桥站米市巷招室友了只要1500,https://www.douban.com/group/topic/123411507/
迎春小区四室一厅一卫房屋出租，地铁一号线滨和路地铁口，拎包入住！,https://www.douban.com/group/topic/123548177/
江干――机场路万科草庄，押一付一1800元/月（招女生）,https://www.douban.com/group/topic/123873129/
"  整租 东园小区 建国北路地铁口 凤起路 红会医院
  整租 东园小区 建国北路地铁口 凤起路 红会医院
",https://www.douban.com/group/topic/123688923/
房东直租九堡四季青附近《红星嘉园》1200元单间有图有真像,https://www.douban.com/group/topic/123457456/
五常/留下 单身公寓/商场旁/交通便利/押一付一,https://www.douban.com/group/topic/123768178/
利一家园3室1厅2卫精装出租 民用水电 无中介费 拎包入住 可月付,https://www.douban.com/group/topic/123586117/
,https://www.douban.com/group/145219/?ref=sidebar
江干――机场路万科草庄，押一付一1800元/月（招女生）,https://www.douban.com/group/topic/123873129/
"  整租 东园小区 建国北路地铁口 凤起路 红会医院
  整租 东园小区 建国北路地铁口 凤起路 红会医院
",https://www.douban.com/group/topic/123688923/
房东直租九堡四季青附近《红星嘉园》1200元单间有图有真像,https://www.douban.com/group/topic/123457456/
五常/留下 单身公寓/商场旁/交通便利/押一付一,https://www.douban.com/group/topic/123768178/
利一家园3室1厅2卫精装出租 民用水电 无中介费 拎包入住 可月付,https://www.douban.com/group/topic/123586117/
浅水湾城市花园 沈塘桥地铁口 新华医院 东部软件园,https://www.douban.com/group/topic/123888374/
生活不止如此，有家的地方就有温暖，地铁站旁的小窝等你来布置,https://www.douban.com/group/topic/122151337/
文二西路 登新公寓 朝南1室1厨1卫，南北3窗，2000块,https://www.douban.com/group/topic/122960263/
【独立单间】西湖区文三西路登新公寓朝南1室1厨1卫，南北3窗户，通风好，采光好,https://www.douban.com/group/topic/123115631/
【独卫单间】西湖区 登新公寓 朝南 1室1厨1卫，南北3窗户，通风好，采光好,https://www.douban.com/group/topic/123935388/
宾兴西苑14-2-102室 单间出租精装c 朝南 无中介费 拎包入住 民用水电,https://www.douban.com/group/topic/122487021/
【城西银泰】橡树园合租单间便宜出租,https://www.douban.com/group/topic/123373572/
城西银泰 万家花城带阳台合租单间出租,https://www.douban.com/group/topic/123373764/
转租，火车东站附近小区，东港嘉苑三区朝南落地窗单间1600.,https://www.douban.com/group/topic/123908288/
整租| 杭州江干区下沙龙湖天街滟澜星座1室1厅1厨一卫,https://www.douban.com/group/topic/123524337/
翠苑五区 精装 三室一厅 三房一样大,https://www.douban.com/group/topic/123917528/
阳光郡单间出租 真实房源 押一付一 房东直租 无中介费,https://www.douban.com/group/topic/124005583/
整个上城区  城站 整租 合租 都有  无中介押一付一精装家电齐全  随时看房,https://www.douban.com/group/topic/123412698/
武林门市中心 平安居两室简装出租,https://www.douban.com/group/topic/124012043/
绿地旭辉城5室1厅2卫精装出租 民用水电 无中介费 拎包入住 可月付,https://www.douban.com/group/topic/122544927/
整租  房东直租庆隆苑两室两厅 宜家装修风格适合一家人或者年轻人住,https://www.douban.com/group/topic/123370331/
奥体莲花旁 绿地旭辉城 朝南主卧独卫带阳台精装出租 民用水电 配套齐全 拎包入住,https://www.douban.com/group/topic/122492102/
【杭州租房最大群】中介勿扰~房东直租，个人转租，合租整租，找室友,https://www.douban.com/group/topic/124009379/
【求租】1、2号线附近求租一房一厅或合租,https://www.douban.com/group/topic/123984933/
西湖区，学院路地铁口枫华府第单间独卫出租只要2200,https://www.douban.com/group/topic/123949877/
,https://www.douban.com/group/145219/?ref=sidebar
整租  房东直租庆隆苑两室两厅 宜家装修风格适合一家人或者年轻人住,https://www.douban.com/group/topic/123370331/
奥体莲花旁 绿地旭辉城 朝南主卧独卫带阳台精装出租 民用水电 配套齐全 拎包入住,https://www.douban.com/group/topic/122492102/
【杭州租房最大群】中介勿扰~房东直租，个人转租，合租整租，找室友,https://www.douban.com/group/topic/124009379/
【求租】1、2号线附近求租一房一厅或合租,https://www.douban.com/group/topic/123984933/
西湖区，学院路地铁口枫华府第单间独卫出租只要2200,https://www.douban.com/group/topic/123949877/
地铁口 迎春南苑 3室1厅1卫 原户型 配套齐全 民用水电 无中介费 拎包入住,https://www.douban.com/group/topic/122490266/
城西【嘉绿西苑】离地铁站5分钟，朝南精装房间个人转租，无中介费,https://www.douban.com/group/topic/123045989/
市中心杭州日报 武林广场旁单间1300元 绝对高性价比！！,https://www.douban.com/group/topic/124009972/
凤起路地铁口，主卧出租，20平米,https://www.douban.com/group/topic/109041452/
【无中介】西溪盛奥铭座，超大面积一室一厅，近阿里海创园梦想小镇等,https://www.douban.com/group/topic/123592225/
阿里巴巴 西溪北苑北区 单间独卫 可做饭 1300押一付一 个人转租,https://www.douban.com/group/topic/123401041/
古荡新村东 三房一厅带院子 4500 可以做员工宿舍 价格实惠美丽 ,https://www.douban.com/group/topic/124011551/
整租  西溪八方城，临近阿里巴巴 2室2厅2卫 个人房源，不收中介费，图片均为属实，房间是精装修，家具齐全！,https://www.douban.com/group/topic/121454045/
城西银泰附近，矩阵国际，印象城，天堂软件园中天西城纪公寓出租两室一厅4500元/月，直租没有中介费,https://www.douban.com/group/topic/122698893/
浙大紫金港，三墩地铁口单间独卫1400起，可短租！,https://www.douban.com/group/topic/123675580/
租房找我 无任何中介费服务费 整租 合租单间任意挑选 地铁公交超市出行购物便捷可短租月付 电话18868796911微信同步,https://www.douban.com/group/topic/123435881/
汽车西站  1室 小区配套齐全,https://www.douban.com/group/topic/123919687/
汽车北站，万达广场，北部软件园上班的帅哥看过来荷塘月色高档小区主卧朝南,https://www.douban.com/group/topic/114003870/
个人出租，嘉绿文苑独立厨卫，照片真实 靠近地铁2号线 文三路益乐路路口,https://www.douban.com/group/topic/123318219/
【无中介费转租：古墩路文三西路口】nice室友等你来,https://www.douban.com/group/topic/124011432/
顺发美哉美城，离飞虹路地铁站1000米，单间带大窗户，1360给您一个温暖的家，小区出行方便，配套设施完善。可押一付一，可立即入住。,https://www.douban.com/group/topic/123920745/
凤起路 中河北路 地铁口 三华园 意盛花苑 意盛商务大厦 独门独户 单身公寓,https://www.douban.com/group/topic/123947810/
城西银泰独卫精装单间转租,https://www.douban.com/group/topic/123956791/
一号线 临平 九堡 乔司地铁口附近精装单间出租 设施齐全 可以月付,https://www.douban.com/group/topic/123823328/
蚂蚁金服，无中介费！独卫朝南，天目山路，古敦路，19906547975,https://www.douban.com/group/topic/123707951/
临平地铁口 银泰城 华元欢乐城 余次城 九漾华庭 良熟新苑 赞成首府,https://www.douban.com/group/topic/123823454/
近阿里 海创园 同花顺旁 西溪北苑朝南阳台独卫 配置齐全 价格超实惠,https://www.douban.com/group/topic/123981746/
【急~个人转租】近万达城西银泰 拱墅区锦绣文澜阁一朝南主卧，带阳台,https://www.douban.com/group/topic/120081390/
西溪水岸独卫飘窗，面积很大。文一西路旁，紧邻阿里海创园等,https://www.douban.com/group/topic/123463125/
临平南苑乔司地铁口附近  精装单间 押一付一 九漾华庭 世纪嘉园 东海水景城,https://www.douban.com/group/topic/123948065/
墩祥街地铁口合租,https://www.douban.com/group/topic/123931767/
,https://www.douban.com/group/145219/?ref=sidebar
临平地铁口 银泰城 华元欢乐城 余次城 九漾华庭 良熟新苑 赞成首府,https://www.douban.com/group/topic/123823454/
近阿里 海创园 同花顺旁 西溪北苑朝南阳台独卫 配置齐全 价格超实惠,https://www.douban.com/group/topic/123981746/
【急~个人转租】近万达城西银泰 拱墅区锦绣文澜阁一朝南主卧，带阳台,https://www.douban.com/group/topic/120081390/
西溪水岸独卫飘窗，面积很大。文一西路旁，紧邻阿里海创园等,https://www.douban.com/group/topic/123463125/
临平南苑乔司地铁口附近  精装单间 押一付一 九漾华庭 世纪嘉园 东海水景城,https://www.douban.com/group/topic/123948065/
墩祥街地铁口合租,https://www.douban.com/group/topic/123931767/
【无中介】西溪北苑北区，朝南+独卫+阳台 现超低价格1600元,https://www.douban.com/group/topic/124011079/
金家渡地铁口 铭雅苑 精装修 拎包入住 月付,https://www.douban.com/group/topic/123871612/
西兴地铁站旁整租出租两间卧室,https://www.douban.com/group/topic/123947860/
押一月付无中介费首月最便宜只要1130二号线沈塘桥杭州大厦电视台稻香园小区,https://www.douban.com/group/topic/123754407/
急转租五联西苑1350房子，押一付一,https://www.douban.com/group/topic/123956789/
城西银泰旁，黄龙金茂悦小区,https://www.douban.com/group/topic/123863160/
二号线 三坝站 安坝坊小区,https://www.douban.com/group/topic/123863250/
二号线 三墩站 秀里华庭小区,https://www.douban.com/group/topic/123863284/
二号线 三坝站 同人精华整租一室,https://www.douban.com/group/topic/123863319/
（单间出租）非中介不收费 西湖 2号线丰潭路 方易.城市心境,https://www.douban.com/group/topic/124009522/
独卫+阳台+厨房+天台+实惠单间，缤纷北苑主卧豪华装修出租，海康威视隔壁，没有中介费，价格实惠，原户型4室一厅2卫,https://www.douban.com/group/topic/123722349/
东方大美星城多套房源出租！彭埠双线火车东站紧邻，月付无压力,https://www.douban.com/group/topic/123272049/
个人【招租】男女不限 押一付一 九堡地铁 新江花园,https://www.douban.com/group/topic/102542118/
江干区闸弄口地铁200米转租主卧,https://www.douban.com/group/topic/123838659/
申悦国际底价出租 价格低到爆 欲租从速,https://www.douban.com/group/topic/123913709/
西溪永乐城最后一间平层公寓价格超低只需2600元,https://www.douban.com/group/topic/123913810/
降价转租！同德古翠路地铁站附近！,https://www.douban.com/group/topic/123707701/
没有中介费 西溪八方城 房东直租 骑行5分钟就到阿里巴巴 低价出租,https://www.douban.com/group/topic/123914234/
【出租主卧】西湖文化广场边、河东路上，高层电梯主卧找室友~,https://www.douban.com/group/topic/123897144/
,https://www.douban.com/group/145219/?ref=sidebar
申悦国际底价出租 价格低到爆 欲租从速,https://www.douban.com/group/topic/123913709/
西溪永乐城最后一间平层公寓价格超低只需2600元,https://www.douban.com/group/topic/123913810/
降价转租！同德古翠路地铁站附近！,https://www.douban.com/group/topic/123707701/
没有中介费 西溪八方城 房东直租 骑行5分钟就到阿里巴巴 低价出租,https://www.douban.com/group/topic/123914234/
【出租主卧】西湖文化广场边、河东路上，高层电梯主卧找室友~,https://www.douban.com/group/topic/123897144/
转租 滨江江陵路地铁站附近寰宇天下原户型次卧出租 飘窗/独卫,https://www.douban.com/group/topic/123915073/
（滨江）白金海岸近阿里巴巴、网易、一线江景房，带阳台单间出租！,https://www.douban.com/group/topic/122825180/
城西银泰旁，黄龙金茂悦小区,https://www.douban.com/group/topic/123978840/
二号线 三坝站 同人精华,https://www.douban.com/group/topic/123978909/
古翠路地铁口 天堂软件园 城西庆隆苑一室一厅独卫管煤出租,https://www.douban.com/group/topic/124010570/
丰潭路，申花路口西城年华小区,https://www.douban.com/group/topic/123978995/
2号线飞虹路地铁口，美哉美城，精装修，民用水电，月付。出门菜市场，美食城，健身游泳馆。微电同号15068744575,https://www.douban.com/group/topic/123814229/
东站 彭埠地铁口 西子国际边上 德信东宸 大房间 独卫，带厨房 2100,https://www.douban.com/group/topic/123840184/
东站 钱塘白石嘉苑小区 1600单间出租,https://www.douban.com/group/topic/123944967/
九堡客运中心地铁口  九月庭院精装修单间出租 房屋干净整洁  生活配套齐全  家具家电全新  本人房东  不收任何中介费,https://www.douban.com/group/topic/124010320/
【拱墅信义坊】单间带独卫1900月付非中介,https://www.douban.com/group/topic/123622611/
黄龙商圈一室独立卫生间,https://www.douban.com/group/topic/124010280/
因工作，蒋村花园兴达苑转租  一室 独卫有厨房的， 有两个飘窗，采光好，交通也方便,https://www.douban.com/group/topic/123679834/
拱墅区单间转租啦，现在已经搬走了，随时可以入住的,https://www.douban.com/group/topic/124010076/
杭州东站边，步行5分中，恒祺克拉天玺底价出租,https://www.douban.com/group/topic/124009319/
外语实验小学对面。欧尚超市附近。绍兴路三塘人家。整租精装一室一厅。,https://www.douban.com/group/topic/124009995/
个人出租.西溪印象城旁，乐天城精装LOFT公寓，3000+，可压一付一.月付无压力,https://www.douban.com/group/topic/123860256/
每天5分钟，1星期找到中意的房子~,https://www.douban.com/group/topic/122855951/
闸弄口首开武林8栋小区，品质单间最低1160，民水民电非中介,https://www.douban.com/group/topic/123794270/
拱墅区西城时代一室一厅整租 押一付一无中介费 ，拎包入住！ 中介勿扰,https://www.douban.com/group/topic/123940445/
地铁三墩站50米 浙江大学紫金港校区附近 主卧转租 免中介费,https://www.douban.com/group/topic/119139275/
【个人转租】 2号线盈丰路地铁口 英冠水天城 一室一厨一卫 朝南大飘窗 房租3200每月,https://www.douban.com/group/topic/123824659/
房东直租地铁一号线七堡地铁口有大小单间出租价格1200-1800,https://www.douban.com/group/topic/123630710/
个人转租，丰潭路，亚洲城花园,https://www.douban.com/group/topic/123923247/
地铁2号线 三墩地铁站 浙大紫金港 3室2厅 主卧转租 免中介费,https://www.douban.com/group/topic/123749180/
拱宸桥，拱北小区旁，永安坊整租一室一厅一厨一卫。,https://www.douban.com/group/topic/123678506/
房东直租 西溪欢乐城 近阿里巴巴 精装LOFT公寓 家电齐全 领包入住,https://www.douban.com/group/topic/124009678/
余杭区 南苑地铁口 良熟新苑 万泰城章 赞成首府 合租单间 精装出租,https://www.douban.com/group/topic/123611085/
【找室友】城西银泰旁140方三室两厅一卫，找两个室友,https://www.douban.com/group/topic/123824643/
余杭区 临平地铁口 世纪嘉园 桂花星城 晴彩巴厘 凤仪家园 合租单间 精装房,https://www.douban.com/group/topic/123612323/
余杭区 南苑地铁口 东海水晶城 联盟新区 康城国际 合租单间 精装修,https://www.douban.com/group/topic/123612845/
三墩地铁站 秀里华庭 精装修 朝南大阳台 交通便利 风景宜人 1000起租,https://www.douban.com/group/topic/123354573/
,https://www.douban.com/group/145219/?ref=sidebar
房东直租 西溪欢乐城 近阿里巴巴 精装LOFT公寓 家电齐全 领包入住,https://www.douban.com/group/topic/124009678/
余杭区 南苑地铁口 良熟新苑 万泰城章 赞成首府 合租单间 精装出租,https://www.douban.com/group/topic/123611085/
【找室友】城西银泰旁140方三室两厅一卫，找两个室友,https://www.douban.com/group/topic/123824643/
余杭区 临平地铁口 世纪嘉园 桂花星城 晴彩巴厘 凤仪家园 合租单间 精装房,https://www.douban.com/group/topic/123612323/
余杭区 南苑地铁口 东海水晶城 联盟新区 康城国际 合租单间 精装修,https://www.douban.com/group/topic/123612845/
三墩地铁站 秀里华庭 精装修 朝南大阳台 交通便利 风景宜人 1000起租,https://www.douban.com/group/topic/123354573/
阿里巴巴旁西溪八方城精装修公寓低价出租,https://www.douban.com/group/topic/123920697/
未来科技城，同花顺八方城，阿里海创园旁，西溪铭座单身公寓出租啦,https://www.douban.com/group/topic/123609538/
不是中介，2号线墩祥街，西田城购物，北部软件园，汽车北站附近阳光郡,https://www.douban.com/group/topic/124009524/
拱墅区 中天西城纪 两室loft公寓 无中介,https://www.douban.com/group/topic/122312012/
余杭阿里巴巴附近 西溪八方城精装公寓出租,https://www.douban.com/group/topic/123935630/
2号线金家渡站金地广场loft精装,https://www.douban.com/group/topic/124009374/
火车东站地铁口，彭埠地铁口一室一厅一卫出租，价格便宜，欢迎来电,https://www.douban.com/group/topic/124007920/
滨江天街对面 龙湖春江郦城 精装全配大主卧 带独立卫生间 天然气做饭,https://www.douban.com/group/topic/120758830/
拱墅区方家花苑一室一厅一卫,https://www.douban.com/group/topic/123983867/
（转租）南苑地铁站附近经济小间980元转租 尚峰轩,https://www.douban.com/group/topic/123689060/
下城区 德胜东村杭氧社区长木新村 打铁关和平广场 德胜华润万家，次卧带阳台出租,https://www.douban.com/group/topic/123504267/
合租招室友啦！在拱墅区万达附近的,https://www.douban.com/group/topic/122356373/
闸弄口地铁站  主卧缺一女生同住一间房 1100,https://www.douban.com/group/topic/123861520/
西湖文化广场对面中山北园找合租,https://www.douban.com/group/topic/123923792/
萧山蜀山右岸澜庭 找合租室友1300到1600,https://www.douban.com/group/topic/109176487/
【找室友】【限女生】西湖文化广场附近，朝晖路施家花园,https://www.douban.com/group/topic/123991911/
转租下沙学正街景冉佳园单间1600押一付三欢迎豆油（离云水地铁站新加坡科技园不远）,https://www.douban.com/group/topic/123966328/
临平 东海水景城 个人出租 独立卫生间或带花园1200 适合情侣住,https://www.douban.com/group/topic/123727754/
东方星城 单间 直租房源 原始格局空间大 交通便利没有中介费,https://www.douban.com/group/topic/122635374/
,https://www.douban.com/group/145219/?ref=sidebar
西湖文化广场对面中山北园找合租,https://www.douban.com/group/topic/123923792/
萧山蜀山右岸澜庭 找合租室友1300到1600,https://www.douban.com/group/topic/109176487/
【找室友】【限女生】西湖文化广场附近，朝晖路施家花园,https://www.douban.com/group/topic/123991911/
转租下沙学正街景冉佳园单间1600押一付三欢迎豆油（离云水地铁站新加坡科技园不远）,https://www.douban.com/group/topic/123966328/
临平 东海水景城 个人出租 独立卫生间或带花园1200 适合情侣住,https://www.douban.com/group/topic/123727754/
东方星城 单间 直租房源 原始格局空间大 交通便利没有中介费,https://www.douban.com/group/topic/122635374/
文一西路蒋墩路公交车站旁边，一室一卫出租，朝南采光好，价格1600,https://www.douban.com/group/topic/124008728/
搬家出床，冰箱，柜子，沙发,https://www.douban.com/group/topic/123984154/
临平地铁附近新秀家园 个人出租 装修实拍图800--1500大小单间,https://www.douban.com/group/topic/123794044/
房东直租 1号线西兴地铁站 春波南苑 精装全配 主卧带独立卫生间,https://www.douban.com/group/topic/120876836/
急转万达广场后面荷塘月色高档小区主卧朝南限男,https://www.douban.com/group/topic/122251932/
2号线沈塘桥地铁站附近莫干新村20平米朝南大单间带阳台2000,https://www.douban.com/group/topic/123594063/
【转租 2号线金家渡地铁口 超高性价比 1360 押一付一】 马路对面金地广场 距西田城800米,https://www.douban.com/group/topic/123925508/
个人转租无任何费用。万达广场高档小区荷塘月色主卧单间限男,https://www.douban.com/group/topic/123324986/
彭埠地铁站 1/4号线 东亚新干线 全新家具 拎包入住,https://www.douban.com/group/topic/123483898/
招租，近梦想小镇师范大学欧美金融城两室一厅,https://www.douban.com/group/topic/123972560/
房东直租，无中介服务费，一号线七堡地铁口，朝南主卧独卫出租,https://www.douban.com/group/topic/122198870/
三房已租两房，物华小康居住区120O主卧招租，我是房东本人有房产证！,https://www.douban.com/group/topic/117962654/
女生招合租欧美金融城,https://www.douban.com/group/topic/123978244/
转租两间次卧 9/13可住 彩虹城宝龙城附近 江滨花园洋房 滨江区三室两厅一厨两卫两阳台,https://www.douban.com/group/topic/121219032/
 【白荡海招租】沈塘桥1.5公里，主卧1800，限女生，家具全配 ,https://www.douban.com/group/topic/122184232/
房东直租 钱江路地铁口,https://www.douban.com/group/topic/123415731/
东站附近，房东直租无中介费，单间1200起，有一室一厅出租，朝南独卫带阳台,https://www.douban.com/group/topic/122475113/
福鼎家园转租，非诚勿扰,https://www.douban.com/group/topic/123802926/
房东直租1号线滨康路地铁口《瑞立东方花城》朝南大阳台主卧出租,https://www.douban.com/group/topic/123925281/
,https://www.douban.com/group/145219/?ref=sidebar
 【白荡海招租】沈塘桥1.5公里，主卧1800，限女生，家具全配 ,https://www.douban.com/group/topic/122184232/
房东直租 钱江路地铁口,https://www.douban.com/group/topic/123415731/
东站附近，房东直租无中介费，单间1200起，有一室一厅出租，朝南独卫带阳台,https://www.douban.com/group/topic/122475113/
福鼎家园转租，非诚勿扰,https://www.douban.com/group/topic/123802926/
房东直租1号线滨康路地铁口《瑞立东方花城》朝南大阳台主卧出租,https://www.douban.com/group/topic/123925281/
三宝郡庭酒店式单身公寓！庆隆苑黄龙金茂悦中天西城纪城西银泰,https://www.douban.com/group/topic/111913123/
非中介，城西银泰附近，天行国际对面，申花路口，申花壹号院单间合租～,https://www.douban.com/group/topic/120850222/
非中介，汽车北站，万达广场泰嘉园2公里，招商雍景湾单间招租,https://www.douban.com/group/topic/123160177/
阿里巴巴海创园附近，精装修两房出租。,https://www.douban.com/group/topic/123652523/
滨江西兴地铁旁 春波南苑 带阳台一室一厨一卫出租35平2600每月 吉利 海康 阿里 网易 华三 万轮 上峰 慧港边上,https://www.douban.com/group/topic/123998895/
房东直租，一号线七堡地铁附近，大小单间，独卫朝南有阳台，价格1200-1600,https://www.douban.com/group/topic/122733214/
天苑花园多套单身公寓欧式精装，支付宝 华星时代广场！中小企业大厦上班族福音！,https://www.douban.com/group/topic/119589299/
【下城】建国公寓 建国北路 2室一厅出租,https://www.douban.com/group/topic/123942411/
整租  莫干山路物美大悦城旁 单身公寓出租 小区环境好带管煤,https://www.douban.com/group/topic/123373754/
城北天阳上河 靠D32、运河、小河直街 找室友,https://www.douban.com/group/topic/124008100/
[转租][三墩站][北部软件园]拱墅区都市水乡水映苑-1室 1500/月,https://www.douban.com/group/topic/120483328/
房东直租地铁二号线三坝站（紫金文苑）带阳台独卫2200元,https://www.douban.com/group/topic/123475698/
学院路地铁口对面，花园西村小区次卧转租，1500每月！,https://www.douban.com/group/topic/124004713/
亲亲家园一期嘉树坊单间出租免中介,https://www.douban.com/group/topic/123986149/
府苑新村（阿里Z空间附近）精装修2居室（房东首次出租）,https://www.douban.com/group/topic/123970131/
【非中介租房推荐】留下你的租房需求（位置、预算、要求）lz在线帮你找房！,https://www.douban.com/group/topic/123938437/
2号线地铁口古翠站 精装独卫带浴缸朝南大飘窗单身公寓 游泳池,https://www.douban.com/group/topic/124007982/
联强大厦,https://www.douban.com/group/topic/123857754/
黄龙中心，支付宝，黄龙时代，天际大厦，聚丰公寓精装朝南带阳台独卫，天然气厨房！,https://www.douban.com/group/topic/124007923/
个人真实房源出租,https://www.douban.com/group/topic/123963009/
,https://www.douban.com/group/145219/?ref=sidebar
【非中介租房推荐】留下你的租房需求（位置、预算、要求）lz在线帮你找房！,https://www.douban.com/group/topic/123938437/
2号线地铁口古翠站 精装独卫带浴缸朝南大飘窗单身公寓 游泳池,https://www.douban.com/group/topic/124007982/
联强大厦,https://www.douban.com/group/topic/123857754/
黄龙中心，支付宝，黄龙时代，天际大厦，聚丰公寓精装朝南带阳台独卫，天然气厨房！,https://www.douban.com/group/topic/124007923/
个人真实房源出租,https://www.douban.com/group/topic/123963009/
招租，次卧招租，找一个好相处的小姐姐,https://www.douban.com/group/topic/123931955/
【个人急招！】香樟公寓 丰潭路地铁口 次卧招室友,https://www.douban.com/group/topic/122983777/
翠苑,https://www.douban.com/group/topic/124007792/
房东直租『三宝郡庭』现有一套整租两室只需4500,https://www.douban.com/group/topic/123944804/
城西银泰黄龙金茂悦等一个你,https://www.douban.com/group/topic/124007675/
在西湖景区工作，求一交通方便的合租，或者公寓，或者个人转租房，今天就可以入住,https://www.douban.com/group/topic/124007661/
万达广场北软旁《方正御星》三室二厅一厨一卫出租电话18106559965微信同号,https://www.douban.com/group/topic/124005394/
整租  莫干山路物美大悦城旁 单身公寓出租 小区环境好带管煤,https://www.douban.com/group/topic/122791065/
湘湖地铁站湖畔宽邸中央郡房间出租,https://www.douban.com/group/topic/123918468/
高沙地铁口旁高沙公寓，文渊大厦，朝南单间，个人转租，合租带独卫,https://www.douban.com/group/topic/123794120/
城西 文三西路 康乐新村朝南大房带独立卫生间转租 地铁2号线,https://www.douban.com/group/topic/123047181/
合租 文二路古墩路交界口 丰潭路地铁站 1600,https://www.douban.com/group/topic/123353777/
【杭州年轻人租房福利】,https://www.douban.com/group/topic/117506885/
中融城市花园.交通便利，装修精美,https://www.douban.com/group/topic/124005906/
山水人家 三室两厅两卫，出租朝南主卧独立卫生间带飘窗 ,https://www.douban.com/group/topic/124006100/
房东直租公寓 无中介费! 汽车北站旁 城西银泰 万达广场商圈 精装修公寓出租,https://www.douban.com/group/topic/124006244/
个人出租文三西路单间，月付 ,https://www.douban.com/group/topic/124006364/
房东出租 文一西路西溪水岸花苑1室1卫1厨朝南大飘窗精装修,https://www.douban.com/group/topic/123948038/
海康江陵路地铁站星光大道附近新州花苑有房出租 单间次卧1680元也可以整套租,https://www.douban.com/group/topic/124007246/
,https://www.douban.com/group/145219/?ref=sidebar
房东直租公寓 无中介费! 汽车北站旁 城西银泰 万达广场商圈 精装修公寓出租,https://www.douban.com/group/topic/124006244/
个人出租文三西路单间，月付 ,https://www.douban.com/group/topic/124006364/
房东出租 文一西路西溪水岸花苑1室1卫1厨朝南大飘窗精装修,https://www.douban.com/group/topic/123948038/
海康江陵路地铁站星光大道附近新州花苑有房出租 单间次卧1680元也可以整套租,https://www.douban.com/group/topic/124007246/
［转租非中介］独卫，朝南，带阳台，厨房，洗衣机，中国铁建江南国际城,https://www.douban.com/group/topic/123700977/
（找合租）申花 景瑞申花壹号院 次卧 朝北 A室,https://www.douban.com/group/topic/121581348/
《东海柠檬郡》邻地铁-押一付一-金沙湖-可合租可整租,https://www.douban.com/group/topic/123731347/
个人西湖区学院路精装次卧跪求女室友,https://www.douban.com/group/topic/123880426/
打铁关地铁口零距离打铁关新村出租主卧一间,https://www.douban.com/group/topic/123773039/
合租，西湖，拱墅，领包入住,https://www.douban.com/group/topic/121759166/
支付宝浙大科技园蚂蚁金服古荡可短租押一付一85折精装拎包入住,https://www.douban.com/group/topic/124006971/
未来科技城-青枫墅园-次卧出租-限女士-1300每月,https://www.douban.com/group/topic/123433243/
钱江世纪城 二号线飞虹路美哉美城 金色江南单间首月860起 月付无中介,https://www.douban.com/group/topic/123982026/
有没有谁上班到郁闷的？,https://www.douban.com/group/topic/124005662/
非中介，文一路教工路口，白荡海沈塘桥附近，郡枫华庭好房出租,https://www.douban.com/group/topic/123676754/
非中介，城西银泰，优盘时代对面，地铁2号线三坝出口，安坝坊单间带有独卫出租,https://www.douban.com/group/topic/123680171/
非中介，地铁2号线古墩路站，秀里华庭单间独卫带阳台出租,https://www.douban.com/group/topic/122150501/
【彭埠转租、限女生】【送物业宽带】【拎包入住】,https://www.douban.com/group/topic/123819634/
"房东直租城西银泰矩阵国际，天堂软件园万家花城旁,德信西宸小区带阳台独卫2250朝南，共用厨房客厅,看房电话微信15818546756",https://www.douban.com/group/topic/123439605/
拱墅区拱宸桥运河旁锦秀兰庭一室一厅一厨一卫一阳台出租（中介勿扰）,https://www.douban.com/group/topic/123315035/
【转租1600】古翠路文一路口金色蓝庭小区 边套小卧室,https://www.douban.com/group/topic/123883790/
【地铁2号线|古翠路站|单间1500元】个人出租，嘉绿名苑小区朝北，电梯房，带客厅、厨房 合租套房 看房电话或微，18167161428,https://www.douban.com/group/topic/122505324/
【滨江直租无中介费】地铁口步行7分钟，朝南采光好，押一付一，1980／月,https://www.douban.com/group/topic/123980163/
滨江四号线旁，钱江彩虹城主卧独卫出租。,https://www.douban.com/group/topic/118870196/
,https://www.douban.com/group/145219/?ref=sidebar
拱墅区拱宸桥运河旁锦秀兰庭一室一厅一厨一卫一阳台出租（中介勿扰）,https://www.douban.com/group/topic/123315035/
【转租1600】古翠路文一路口金色蓝庭小区 边套小卧室,https://www.douban.com/group/topic/123883790/
【地铁2号线|古翠路站|单间1500元】个人出租，嘉绿名苑小区朝北，电梯房，带客厅、厨房 合租套房 看房电话或微，18167161428,https://www.douban.com/group/topic/122505324/
【滨江直租无中介费】地铁口步行7分钟，朝南采光好，押一付一，1980／月,https://www.douban.com/group/topic/123980163/
滨江四号线旁，钱江彩虹城主卧独卫出租。,https://www.douban.com/group/topic/118870196/
【找室友】西湖文化广场边，河东路上，高层电梯房,https://www.douban.com/group/topic/123261284/
分享:,https://www.douban.com/group/topic/124006121/
个人转租，汽车北站，万达广场，祥园路附近上班的帅哥看过来荷塘月色主卧单间限男,https://www.douban.com/group/topic/123943844/
沈塘桥地铁站，湖墅南路附近单间转租,https://www.douban.com/group/topic/123563191/
文三西路丰潭路地铁口，朝南原户型一室一厅低于市场价出租，民用水电,https://www.douban.com/group/topic/123976146/
九堡客运中心地铁站房东直租，单间出租，押一付一，邻包入住,https://www.douban.com/group/topic/123744348/
微信群，无中介转租租房群，欢迎进,https://www.douban.com/group/topic/122956674/
房东直租城东新城1/4号线火车东站彭埠站800米东元府3房出租 5900/月整租,https://www.douban.com/group/topic/123963921/
转租西溪水岸花苑带阳台小单间 1400押一付一 近何家坝公交站 西溪湿地 阿里巴巴,https://www.douban.com/group/topic/123917209/
万达，大悦城，乐堤港，运河旁边吉如家园，1400次卧出租,https://www.douban.com/group/topic/123477005/
未来科技城附近福鼎家园精装单间出租拎包入住朝北独立厨卫1300元。,https://www.douban.com/group/topic/122360036/
地铁2号线钱江路站附近朝南大房间出租,https://www.douban.com/group/topic/118093366/
聚丰公寓三房出租，黄龙，支付宝附近，只要价格合适，给价就租,https://www.douban.com/group/topic/123496952/
免费影音室 台球厅 可做饭 独立公寓 密码锁 可轰趴桌游,https://www.douban.com/group/topic/123992305/
（无中介费服务费）杭州东站附近 彭埠地铁站 两室一厅 精品单间精装拎包入住,https://www.douban.com/group/topic/123976166/
个人出租，文化新村精装独立单间，带独立卫生间，大阳台，40平米，1900元,https://www.douban.com/group/topic/123851573/
萧山二号线飞虹路旁美哉美城超高性价比诚心转租，朝南超大单间，无中介费。只有1690一月。意向联系13456808647微信同号,https://www.douban.com/group/topic/123311372/
不是中介2号线古翠路步行400米嘉绿福苑阳台飘窗，黄龙.天堂软件园步行即可,https://www.douban.com/group/topic/122573377/
世纪新城【近古翠路地铁站，朝南阳台】,https://www.douban.com/group/topic/123827028/
吉利海康聚光中心纳腾电商产业园旁风情雅苑卧室,https://www.douban.com/group/topic/122400037/
湖墅南路，红石公寓，合租朝南单间个人出租,https://www.douban.com/group/topic/123438287/
繁华地段 可月付 家具家电齐全 交通便利,https://www.douban.com/group/topic/123614124/
转租 限女生 文二西路西城广场背后 1600 loft独卫,https://www.douban.com/group/topic/124005254/
吉利海康聚光中心纳腾电商产业园旁风情雅苑卧室,https://www.douban.com/group/topic/122400048/
东亚新干线精装复式出租，无杂费，无中介费，地铁1号线和4号线交汇处彭埠站，随时看房，拎包入住！！！,https://www.douban.com/group/topic/123242839/
整租 转塘金街美地 云栖小镇 浙音美院精装公寓两室户，房东直租拎包入住,https://www.douban.com/group/topic/123165497/
整租  大关路远洋乐提港旁万通中心超大单身公寓 开发商装直接修拎包入住,https://www.douban.com/group/topic/122789386/
钱江世纪城 信息港 地铁二号线沿线房源 无中介 可押一付一,https://www.douban.com/group/topic/122157935/
丁兰广场 可月付 精装修 家具电齐全 交通便利,https://www.douban.com/group/topic/123673134/
房屋出租：地铁1-4号线、火车东站、楼下公交车站西子国际、大型超市各总小吃店出行购物便捷、可短租月付联系电话：17357121486微信同步,https://www.douban.com/group/topic/123741293/
,https://www.douban.com/group/145219/?ref=sidebar
整租 转塘金街美地 云栖小镇 浙音美院精装公寓两室户，房东直租拎包入住,https://www.douban.com/group/topic/123165497/
整租  大关路远洋乐提港旁万通中心超大单身公寓 开发商装直接修拎包入住,https://www.douban.com/group/topic/122789386/
钱江世纪城 信息港 地铁二号线沿线房源 无中介 可押一付一,https://www.douban.com/group/topic/122157935/
丁兰广场 可月付 精装修 家具电齐全 交通便利,https://www.douban.com/group/topic/123673134/
房屋出租：地铁1-4号线、火车东站、楼下公交车站西子国际、大型超市各总小吃店出行购物便捷、可短租月付联系电话：17357121486微信同步,https://www.douban.com/group/topic/123741293/
西湖区-古翠路毛家桥公寓精装一室出租月付2200,https://www.douban.com/group/topic/123932853/
九月8折住房 大三房 万宝城附近 交通便利 无中介,https://www.douban.com/group/topic/123743564/
2号线 振宁路 一室一厅出租,https://www.douban.com/group/topic/123080918/
汽车北站旁边融信学院府三室双阳台整租 无中介费 图片实拍,https://www.douban.com/group/topic/122082646/
乔司南地铁口，客运中心站附近，玖宝四季青意法服饰城附近（胜稼红星嘉园二区）小区有电梯，主卧带阳台，28平米，朝南，租金1450/月。,https://www.douban.com/group/topic/116328769/
客运中心，乔司南站附近，四季青服装，步步高，意法鞋城旁胜稼红星嘉，两室一阳台一厨房，1800每月，精装修，有空调,https://www.douban.com/group/topic/117375693/
八方城边套户型 近阿里海创园 同花顺 可步行上班 直租不收取任何中介费用,https://www.douban.com/group/topic/123745028/
三坝地铁口附近地铁二号线城西银泰附近申悦国际单身公寓出租非中介,https://www.douban.com/group/topic/123988468/
城西银泰附近 金茂悦3室整租 可分租,https://www.douban.com/group/topic/118942666/
城西银泰 万家花城带阳台次卧便宜出租,https://www.douban.com/group/topic/123549240/
城西银泰边 朝南阳台独卫单间出租,https://www.douban.com/group/topic/123551144/
三坝地铁站附近拱苑小区四室两卫次卧出租 图片实拍 无中介费,https://www.douban.com/group/topic/123217122/
【个人转租】聚丰公寓，靠近支付宝，黄龙，浙大玉泉,https://www.douban.com/group/topic/123509762/
未来科技城阿里巴巴边上天贸朗悦居公寓直租，无中介费,https://www.douban.com/group/topic/123936234/
一号线 滨和路 迎春小区 精装卧室出租 可整租可分租,https://www.douban.com/group/topic/123927921/
滨江白马湖壹号  精装房东直租  押一付一,https://www.douban.com/group/topic/123859778/
范家路  玉兰公寓  单身公寓 房东直租,https://www.douban.com/group/topic/123859955/
西湖区玉泉黄龙附近曙光新村单间个人转租,https://www.douban.com/group/topic/123284699/
吃喝玩乐群了解一下,https://www.douban.com/group/topic/123948089/
房屋出租 真实房源 真实图片地铁公交超市饭店 出行购物超级方便联系电话17357121486微信同步,https://www.douban.com/group/topic/123875822/
一号线 滨和路 湘云雅苑 单间出租 近海康吉利聚光 去网易科技园有班车直达,https://www.douban.com/group/topic/123926355/
滨江滨兴北苑房租85方原户型朝南阳台大主卧出租,https://www.douban.com/group/topic/124004331/
下沙云水地铁站旁单间转租,https://www.douban.com/group/topic/122509689/
景芳三区 标准两室一厅 楼下就是景芳4号线地铁口 价格实惠 随时看房 拎包入住,https://www.douban.com/group/topic/123875529/
2号线地铁口0距离单身公寓可押一付一，独立卫生间厨房，我是房东,https://www.douban.com/group/topic/123181329/
一线江景房 近双城国际 龙湖天街 同人春江时代花园 三室一卫一厨,https://www.douban.com/group/topic/123607735/
拱墅区，莫干山路，大悦城旁,https://www.douban.com/group/topic/124004110/
西溪乐天城LOFT独卫 押一付一非中介 电梯房随时入住长租优惠,https://www.douban.com/group/topic/122687724/
已租【转租1600】古翠路文一路口金色蓝庭小区 边套小卧室,https://www.douban.com/group/topic/123912372/
文三西路康乐新村,https://www.douban.com/group/topic/123677670/
地铁1号线客运中心旁，左邻右舍两室整租，只要3990，可月付,https://www.douban.com/group/topic/123868594/
东新路，西联广场，新天地，中大银泰附近，西文南苑合租单间出租，无中介费,https://www.douban.com/group/topic/123550933/
,https://www.douban.com/group/145219/?ref=sidebar
拱墅区，莫干山路，大悦城旁,https://www.douban.com/group/topic/124004110/
西溪乐天城LOFT独卫 押一付一非中介 电梯房随时入住长租优惠,https://www.douban.com/group/topic/122687724/
已租【转租1600】古翠路文一路口金色蓝庭小区 边套小卧室,https://www.douban.com/group/topic/123912372/
文三西路康乐新村,https://www.douban.com/group/topic/123677670/
地铁1号线客运中心旁，左邻右舍两室整租，只要3990，可月付,https://www.douban.com/group/topic/123868594/
东新路，西联广场，新天地，中大银泰附近，西文南苑合租单间出租，无中介费,https://www.douban.com/group/topic/123550933/
【急转】房东直租 1650月租 2号线虾龙圩站 最后一个房间 限女生 不带宠物,https://www.douban.com/group/topic/123791388/
零佣金拎包入住，100%真实房源，房租月付各地铁站口房源已全部更新,https://www.douban.com/group/topic/124003988/
（800-1900）城西银泰三坝地铁方圆2公里 单间 独卫 朝南带阳台 限时九月,https://www.douban.com/group/topic/123549555/
（800-1900）城西银泰三坝地铁方圆2公里 单间 独卫 朝南带阳台 限时九月,https://www.douban.com/group/topic/123549315/
白荡海人家，沈塘桥1.5公里，三室找女生合租，主卧1800，非中介,https://www.douban.com/group/topic/123031431/
房东西湖文化广场地铁口单间直租,https://www.douban.com/group/topic/123324550/
房东直租浙大紫金港校区旁耀江文鼎苑便宜超值单间1499元真实图片,https://www.douban.com/group/topic/123201135/
沈塘桥单间1350出租 近东部软件园 新华医院 信义坊 湖墅南路,https://www.douban.com/group/topic/123025511/
滨江春波南苑单间转租，距离华为，海康威视，阿里，网易近,https://www.douban.com/group/topic/123413119/
不是中介.2号线沈塘桥学院路附近文一路郡枫华庭3室1厅整租,https://www.douban.com/group/topic/123237391/
黄龙商圈上班  女 求租,https://www.douban.com/group/topic/123947409/
（首月减800）振宁路地铁口钱江世纪城佳境天城 独卫 2060非中介,https://www.douban.com/group/topic/123757182/
滨江春波南苑单间转租，距离华为，海康威视，阿里网易距离近,https://www.douban.com/group/topic/123413319/
非中介～～杭州最大综合体旁，高档小区杭州中粮大悦城单间。宜家风格，20万新装修～,https://www.douban.com/group/topic/113023901/
房东直租！朝南独卫大主卧出租，北软万达、运河广告产业园等…,https://www.douban.com/group/topic/124001976/
2号线振宁路地铁口附近精装朝南带飘窗房间出租！1065/月,https://www.douban.com/group/topic/124003572/
文三路单间独卫,https://www.douban.com/group/topic/123944044/
城西银泰附近，天行国际旁，申花壹号院合租单间出租，无中介费，近虾龙圩地铁口,https://www.douban.com/group/topic/124003407/
顺发美哉美城，离飞虹路地铁站1000米，朝南大面积单间带大阳台，1790给您一个温暖的家，小区出行方便，配套设施完善。可押一付一，立即入住。,https://www.douban.com/group/topic/124003376/
,https://www.douban.com/group/145219/?ref=sidebar
非中介～～杭州最大综合体旁，高档小区杭州中粮大悦城单间。宜家风格，20万新装修～,https://www.douban.com/group/topic/113023901/
房东直租！朝南独卫大主卧出租，北软万达、运河广告产业园等…,https://www.douban.com/group/topic/124001976/
2号线振宁路地铁口附近精装朝南带飘窗房间出租！1065/月,https://www.douban.com/group/topic/124003572/
文三路单间独卫,https://www.douban.com/group/topic/123944044/
城西银泰附近，天行国际旁，申花壹号院合租单间出租，无中介费，近虾龙圩地铁口,https://www.douban.com/group/topic/124003407/
顺发美哉美城，离飞虹路地铁站1000米，朝南大面积单间带大阳台，1790给您一个温暖的家，小区出行方便，配套设施完善。可押一付一，立即入住。,https://www.douban.com/group/topic/124003376/
个人转租 无中介费）古翠路 学院路地铁站天苑花园朝南主卧 旁边支付宝 黄龙万科,https://www.douban.com/group/topic/123725275/
新塘地铁口 一室一厅一卫 转租,https://www.douban.com/group/topic/124003050/
房屋出租：地铁1-4号线、火车东站、楼下公交车站西子国际、大型超市各总小吃店出行购物便捷、可短租月付联系电话：17357121486微信同步,https://www.douban.com/group/topic/123732890/
黄龙商圈     支付宝大楼单身公寓转租     个人转租    随时入住,https://www.douban.com/group/topic/124003025/
彭埠地铁口次卧转租限女生,https://www.douban.com/group/topic/124002769/
复兴路地铁口南星街道三廊庙凤山门整租一室一厅,https://www.douban.com/group/topic/123978827/
黄龙万科附近，个人出租,https://www.douban.com/group/topic/123975574/
地铁彭埠站LOFT公寓出租 非中介  火车东站附近  随时看房13366050590电话微信同步,https://www.douban.com/group/topic/120370402/
滨江海康聚光  缤纷东苑  单间出租  无中介  随时看房  拎包入住,https://www.douban.com/group/topic/123916523/
整租  房东直租庆隆苑两室两厅 宜家装修风格适合一家人或者年轻人住,https://www.douban.com/group/topic/122787605/
可短租短租梦想小镇未来科技城仓溢东苑.万通时尚公馆1100押一付一,https://www.douban.com/group/topic/123778280/
房东直租 亲亲家园三期  采光好 带飘窗 门口2号线墩祥街地铁站,https://www.douban.com/group/topic/123434708/
建国北路地铁口附近一室一厅转租,https://www.douban.com/group/topic/123610259/
个人转租，滨江靠近海康威视吉利大华,https://www.douban.com/group/topic/123975038/
景芳租房，景芳地铁站两室一厅出租，全明户型价格4000可谈,https://www.douban.com/group/topic/123651652/
莫干山路，近沈塘桥地铁口―出租次卧，找室友啦～,https://www.douban.com/group/topic/123678330/
近东站东港嘉苑 次卧附阳台 招室友,https://www.douban.com/group/topic/123687074/
整租 糖果和公寓 闸弄口 押一付一 单间独卫 无中介费,https://www.douban.com/group/topic/122738841/
东站东港嘉苑 主卧独卫阳台朝南,https://www.douban.com/group/topic/123696692/
,https://www.douban.com/group/145219/?ref=sidebar
景芳租房，景芳地铁站两室一厅出租，全明户型价格4000可谈,https://www.douban.com/group/topic/123651652/
莫干山路，近沈塘桥地铁口―出租次卧，找室友啦～,https://www.douban.com/group/topic/123678330/
近东站东港嘉苑 次卧附阳台 招室友,https://www.douban.com/group/topic/123687074/
整租 糖果和公寓 闸弄口 押一付一 单间独卫 无中介费,https://www.douban.com/group/topic/122738841/
东站东港嘉苑 主卧独卫阳台朝南,https://www.douban.com/group/topic/123696692/
出租西湖区黄龙支付宝华星古翠路地铁口精装修一室，电微18257120969,https://www.douban.com/group/topic/124002573/
西湖区，学院路地铁口旁边精装两房出租,https://www.douban.com/group/topic/123495441/
西湖区，学院路地铁口旁精装两房出租黄金地段,https://www.douban.com/group/topic/123437047/
西溪周边大床房带独立厨卫飘窗房东直租,https://www.douban.com/group/topic/123546889/
免中介，天堂软件园矩阵国际对面，城西银泰附近，黄龙金茂悦单间合租,https://www.douban.com/group/topic/122170859/
求租一个单身公寓，精装,https://www.douban.com/group/topic/78462211/
求租【单身公寓】，精装！！！急~,https://www.douban.com/group/topic/78524279/
滨江租房  1650/30平米,https://www.douban.com/group/topic/124002274/
急!个人转租，建国南路万安花园东苑,https://www.douban.com/group/topic/124002251/
杭州个人房源合租微信群(免费、无中介),https://www.douban.com/group/topic/123634945/
塘河新村，老房子带阳台1400,https://www.douban.com/group/topic/124002160/
杭州萧山区佳丰南苑,https://www.douban.com/group/topic/124002140/
文鼎苑两房朝南客厅带阳台清爽干净采光足，本人实拍图，有意向可联系15058556533,https://www.douban.com/group/topic/124002100/
房屋出租：地铁1-4号线、火车东站、楼下公交车站西子国际、大型超市各总小吃店出行购物便捷、可短租月付联系电话：17357121486微信同步,https://www.douban.com/group/topic/123762574/
滨江租房,https://www.douban.com/group/topic/124002064/
杭州租房不用急，各种好房等着你，Vx18912376305,https://www.douban.com/group/topic/122158490/
汽车北站旁，三墩地铁口附近，雍荣华庭合租单间出租，无中介费,https://www.douban.com/group/topic/120021600/
省青春医院附近小区，本人房东 不是中介 无中介费！,https://www.douban.com/group/topic/123893902/
特价促销 2150元起 全新公寓 精装全配 采光好 独立卫浴,https://www.douban.com/group/topic/120931997/
小伙伴们 精装修 上班族首选 温馨单间 1200-2000不等 独卫 阳台卧 单间15158169321微信同步,https://www.douban.com/group/topic/123839494/
,https://www.douban.com/group/145219/?ref=sidebar
杭州租房不用急，各种好房等着你，Vx18912376305,https://www.douban.com/group/topic/122158490/
汽车北站旁，三墩地铁口附近，雍荣华庭合租单间出租，无中介费,https://www.douban.com/group/topic/120021600/
省青春医院附近小区，本人房东 不是中介 无中介费！,https://www.douban.com/group/topic/123893902/
特价促销 2150元起 全新公寓 精装全配 采光好 独立卫浴,https://www.douban.com/group/topic/120931997/
小伙伴们 精装修 上班族首选 温馨单间 1200-2000不等 独卫 阳台卧 单间15158169321微信同步,https://www.douban.com/group/topic/123839494/
特价促销 2150元起 全新公寓 精装全配 采光好 独立卫浴,https://www.douban.com/group/topic/121328219/
[房东直租]西湖区文一路丰潭路口物华小康居住区朝南主卧,https://www.douban.com/group/topic/110098247/
滨江区政府 缤纷西苑 朝南一室一厨一卫出租2500吉利 海康 聚光 星耀城旁,https://www.douban.com/group/topic/123740338/
余杭区五常大道Loft公寓个人转租，近期入住，1700,https://www.douban.com/group/topic/123355395/
房东直租，随时入住,https://www.douban.com/group/topic/124001727/
西溪北苑东区 西区 北区 单间 小套房 精装 毛坯 整套 房东直租（替亲戚代发布）,https://www.douban.com/group/topic/111050266/
杭州滨江滨康二苑单间独卫转租租房 近华为阿里网易 1750每月 不是中介！,https://www.douban.com/group/topic/123988696/
个人房源 朝晖 西湖文化广场附近,https://www.douban.com/group/topic/124001534/
求租 滨江 阿里网易附近的 整租 价格在3500以内 一室一厅或2室,https://www.douban.com/group/topic/124001505/
首月立减600 沈塘桥地铁口 浅水湾城市花园合租独卫 新华医院 东软广电附近,https://www.douban.com/group/topic/123987122/
彭埠地铁 钱塘白石嘉苑 精装一室一厅一厨一卫出租 ，东站红街公寓小单间 无中介,https://www.douban.com/group/topic/123499502/
找合租室友 仅限女生 每月925元江南国际城,https://www.douban.com/group/topic/123974271/
2号线金家渡站金地广场loft精装公寓 低价！,https://www.douban.com/group/topic/122485202/
招合租！招合租！招合租！非中介  个人 塘河北村 近大悦城、美都广场,https://www.douban.com/group/topic/124001383/
房屋出租,https://www.douban.com/group/topic/124001360/
个人合租925 转租 江南国际城单间带阳台1700元,https://www.douban.com/group/topic/123471371/
钱江世纪城公交直达 萧山柏林春天 精装大小单间 房东直租，价格优惠,https://www.douban.com/group/topic/123953054/
房东直租，余杭区临平万宝城旁小区招合租，小单间750/月，主卧1050/月。,https://www.douban.com/group/topic/120083581/
整租  大关路远洋乐提港旁万通中心超大单身公寓 开发商装直接修拎包入住,https://www.douban.com/group/topic/123372534/
【品质合租】三坝 文新 丰潭路古翠路 学院路 沈塘桥好房出租,https://www.douban.com/group/topic/122822632/
,https://www.douban.com/group/145219/?ref=sidebar
个人合租925 转租 江南国际城单间带阳台1700元,https://www.douban.com/group/topic/123471371/
钱江世纪城公交直达 萧山柏林春天 精装大小单间 房东直租，价格优惠,https://www.douban.com/group/topic/123953054/
房东直租，余杭区临平万宝城旁小区招合租，小单间750/月，主卧1050/月。,https://www.douban.com/group/topic/120083581/
整租  大关路远洋乐提港旁万通中心超大单身公寓 开发商装直接修拎包入住,https://www.douban.com/group/topic/123372534/
【品质合租】三坝 文新 丰潭路古翠路 学院路 沈塘桥好房出租,https://www.douban.com/group/topic/122822632/
【个人转租】 三坝地铁口 耀江文鼎苑 3室 1厅 ，朝南次卧出租,https://www.douban.com/group/topic/122545952/
滨江紫金府 三坝 朝南独卫 精装全配 拎包入住 押一付一 无中介 ,https://www.douban.com/group/topic/124000838/
西湖区直租  地铁【2号线学院路】站口  独门独户精装公寓 原户型非隔断房  看房提前预约抓紧预约,https://www.douban.com/group/topic/123854588/
地铁2号线.单间独卫，有阳台，共用厨房，兰庭国际,https://www.douban.com/group/topic/123673185/
租客转租江陵路地铁口 缤纷北苑单间适合一个人住 1500,https://www.douban.com/group/topic/118570481/
房东直租文泽路地铁口 精欧荣寓主卧独卫  1600-2000 没有中介费,https://www.douban.com/group/topic/123823152/
西湖文化广场 朝晖三区 /合租大主卧 招室友/限女生/ 月租800,https://www.douban.com/group/topic/123117829/
"【滨江】缤纷小区，缤纷小区, 精装修，朝南单独卫出租。",https://www.douban.com/group/topic/123996470/
首月立减800未来科技城阿里巴巴文一西路.西溪蓝海次卧1100主卧1550押一付,https://www.douban.com/group/topic/123538878/
（滨江）滨康路阳光城上府房东直租主卧内卫2400天然气做饭,https://www.douban.com/group/topic/123730121/
【转塘出租】人才家苑 无中介 两室一厅,https://www.douban.com/group/topic/124000252/
4号线租房，新塘地铁站旁两室一厅电梯房出租,https://www.douban.com/group/topic/123463874/
未来科技城昌源青苑独卫1400,https://www.douban.com/group/topic/122781576/
水晶城购物中心旁 紧邻远洋国际中心 欧尚超市 元谷创意园长乐园 压一付一,https://www.douban.com/group/topic/123867717/
【转塘家园】三室合租单间可整租 最低首月590 月付无中介费 燃气热水器 可烧饭,https://www.douban.com/group/topic/123829103/
杭州火车东站步行10分钟，转租！（可短租3个月）,https://www.douban.com/group/topic/123954652/
房东直租翠苑东四区60方,https://www.douban.com/group/topic/124000013/
西湖区香樟公寓找个室友，新一年，继续找（2018 0831更新927之后可入住）,https://www.douban.com/group/topic/101579527/
滨江 滨兴小区 三室一厅两卫出租6000每月阿里 网易 西可 上峰边上,https://www.douban.com/group/topic/123962218/
（个人转租）火车东站附近 彭埠地铁口 出租次卧,https://www.douban.com/group/topic/123159647/
,https://www.douban.com/group/145219/?ref=sidebar
杭州火车东站步行10分钟，转租！（可短租3个月）,https://www.douban.com/group/topic/123954652/
房东直租翠苑东四区60方,https://www.douban.com/group/topic/124000013/
西湖区香樟公寓找个室友，新一年，继续找（2018 0831更新927之后可入住）,https://www.douban.com/group/topic/101579527/
滨江 滨兴小区 三室一厅两卫出租6000每月阿里 网易 西可 上峰边上,https://www.douban.com/group/topic/123962218/
（个人转租）火车东站附近 彭埠地铁口 出租次卧,https://www.douban.com/group/topic/123159647/
房东直租 黄龙汇丰公寓精装三室东边套出租,https://www.douban.com/group/topic/123999842/
1号线南苑站单间1000元包网和物业（仅供女生）,https://www.douban.com/group/topic/112025985/
"余杭区欢乐城尚峰轩6幢 loft公寓2400元/月,全新出租",https://www.douban.com/group/topic/123999800/
滨江区一号线，阿里，网易，信雅达，海康威视，华为，华三附近，有单身公寓，两室，三室出租，看房联系13738137753微信同号,https://www.douban.com/group/topic/123999629/
个人出租文三西路单间，月付,https://www.douban.com/group/topic/123911295/
火车东站 彭埠地铁站 西子国际 两室一厅LOFT整租,https://www.douban.com/group/topic/123982089/
个人出租海康威视旁春江悦茗温馨朝南独卫主卧2200元,https://www.douban.com/group/topic/122933126/
找室友）地铁4#南星桥站 凤凰南苑两室一厅次卧出租,https://www.douban.com/group/topic/123940264/
高沙路地铁站朝南主卧独卫独厨转租,https://www.douban.com/group/topic/123821624/
萧山地铁二号线沿线 1290起 押一付一 无中介费  应届生宝宝有优惠哦,https://www.douban.com/group/topic/120426418/
【非中介】天巢花苑 武林小广场 杭州剧院主卧拼床合租,https://www.douban.com/group/topic/123953204/
找女生室友合租主卧  每月平摊780元  白洋地铁口出口就到  带阳台,https://www.douban.com/group/topic/123380335/
中天官河锦庭 西兴地铁口300米 南北通透 海威大厦 龙源大厦附近,https://www.douban.com/group/topic/123999119/
杭州滨江超级星期天小区单身公寓地铁旁-房东直租,https://www.douban.com/group/topic/123739892/
顺发美哉美城，离飞虹路地铁站1000米，朝南大面积单间带大阳台，1790给您一个温暖的家，小区出行方便，配套设施完善。可押一付一，立即入住。,https://www.douban.com/group/topic/123999083/
毛家桥公寓【近古翠地铁站 超大落地窗】,https://www.douban.com/group/topic/123995418/
城西/阿里巴巴/海创园/西溪北苑，一室一厨一卫一阳台1400,https://www.douban.com/group/topic/121581831/
中兴花园房屋出租，独卫+阳台+厨房+飘窗，四室一厅两卫，诚意租房联系，没有中介费,https://www.douban.com/group/topic/123692169/
西塘花苑精装两房，拎包入住2800，阳台内包厨房扩大看房热线13388432127,https://www.douban.com/group/topic/123998982/
西兴地铁口160方3室2卫只要6500一月绝无仅有超高性价比,https://www.douban.com/group/topic/123998838/
,https://www.douban.com/group/145219/?ref=sidebar
杭州滨江超级星期天小区单身公寓地铁旁-房东直租,https://www.douban.com/group/topic/123739892/
顺发美哉美城，离飞虹路地铁站1000米，朝南大面积单间带大阳台，1790给您一个温暖的家，小区出行方便，配套设施完善。可押一付一，立即入住。,https://www.douban.com/group/topic/123999083/
毛家桥公寓【近古翠地铁站 超大落地窗】,https://www.douban.com/group/topic/123995418/
城西/阿里巴巴/海创园/西溪北苑，一室一厨一卫一阳台1400,https://www.douban.com/group/topic/121581831/
中兴花园房屋出租，独卫+阳台+厨房+飘窗，四室一厅两卫，诚意租房联系，没有中介费,https://www.douban.com/group/topic/123692169/
西塘花苑精装两房，拎包入住2800，阳台内包厨房扩大看房热线13388432127,https://www.douban.com/group/topic/123998982/
西兴地铁口160方3室2卫只要6500一月绝无仅有超高性价比,https://www.douban.com/group/topic/123998838/
西溪花园精装套房出租，房东直租，无中介费，两室一厅一厨一卫,https://www.douban.com/group/topic/123963247/
房东直租朝南独卫独立阳台主卧庆隆苑东区学院北路与隐秀路口，家具家电齐全，2300/月,https://www.douban.com/group/topic/123998779/
（没有中介费，振宁路地铁口50m，萧山区丰盛大厦阳台房出租2100朝南房屋直租，农业大厦，钱江世纪城，钱江新城，大象国际中心,https://www.douban.com/group/topic/123975348/
合租招室友啦！在拱墅区万达附近,https://www.douban.com/group/topic/122326209/
【找室友】急转二号线文新地铁口，属于两个女孩子的超级好房子,https://www.douban.com/group/topic/123937534/
2号线学院路地铁口附近 花园北村两室一厅便宜出租,https://www.douban.com/group/topic/123997942/
虾龙圩地铁 银泰 汽车北站旁 精装 家电齐全 可做饭 九龙仓珑玺,https://www.douban.com/group/topic/122255431/
转塘之江家园 转塘家园 美院对面 近云栖小镇 房东直租无中介 精装修原户型房间 独卫阳台价格优惠 交通便利配套齐全拎包入住,https://www.douban.com/group/topic/119504098/
闸弄口大飘窗一室一厅出租（非中介）,https://www.douban.com/group/topic/121286546/
钱江世纪城 1590～2000地铁口 可做饭 压一付一 无中介费,https://www.douban.com/group/topic/118705082/
【转租】拱墅阳光郡单间，独厨独卫，押一付二，很舒服的一间房,https://www.douban.com/group/topic/123955375/
个人文一西路福鼎家园单间出租950元每月,https://www.douban.com/group/topic/123940000/
转租+租房 方便你我他,https://www.douban.com/group/topic/123994607/
金沙湖地铁站附近  精装修  价格优惠  免费健身房 免宽带费 免中介费,https://www.douban.com/group/topic/123139156/
天目山路 城市心境 转租  1600,https://www.douban.com/group/topic/123997674/
西湖文化广场  深蓝广场 省人民医院 朝晖七区 地铁口500米 电梯房单间出租,https://www.douban.com/group/topic/123269962/
西湖 拱墅 多套单身公寓 一室一厅 高端住宅 3000起  男神女神等你call我,https://www.douban.com/group/topic/123997597/
迎春南苑 三室一厅一卫 地铁一号线滨和路300米 紫城国际 海康附近 电商产业园 文化创意园 置地大厦,https://www.douban.com/group/topic/123997589/
三墩秀里华庭，国风美域，距近地铁口，朝南一室出租，设施齐全，首次出租，个人房源，优惠！,https://www.douban.com/group/topic/123859289/
【房东直租】提供真实挂靠地址！可开票！免费跑腿注+财务代记账！,https://www.douban.com/group/topic/123997580/
【房东直租】钱江世纪城朝南江景带阳台独门独户,https://www.douban.com/group/topic/123949839/
大量广告需新人兼职模特哦,https://www.douban.com/group/topic/104820913/
杭州兼职模特,https://www.douban.com/group/topic/104820934/
地铁2号线人民广场朝南大单间性价比极高首月立减600元,https://www.douban.com/group/topic/123529141/
福鼎家园朝南阳台出租1800一个月,https://www.douban.com/group/topic/123434026/
【全城】【醒目】万人追不如一人宠，找个姑娘好好宠~,https://www.douban.com/group/topic/119650855/
龙湖春江悦茗出租朝南主卧带独卫2200,https://www.douban.com/group/topic/123111498/
世纪新城【近古翠地铁站 单间出租】,https://www.douban.com/group/topic/123865205/
,https://www.douban.com/group/145219/?ref=sidebar
地铁2号线人民广场朝南大单间性价比极高首月立减600元,https://www.douban.com/group/topic/123529141/
福鼎家园朝南阳台出租1800一个月,https://www.douban.com/group/topic/123434026/
【全城】【醒目】万人追不如一人宠，找个姑娘好好宠~,https://www.douban.com/group/topic/119650855/
龙湖春江悦茗出租朝南主卧带独卫2200,https://www.douban.com/group/topic/123111498/
世纪新城【近古翠地铁站 单间出租】,https://www.douban.com/group/topic/123865205/
莫干山路 大悦城附近,https://www.douban.com/group/topic/123997024/
转租 庆隆苑 朝南独立厨卫 只要2260,https://www.douban.com/group/topic/123982569/
萧山振宁路地铁口丰东花苑大单间,https://www.douban.com/group/topic/123989561/
下城区新天地，中大银泰附近,https://www.douban.com/group/topic/123996903/
西湖   天目山路 汇丰公寓  黄龙 支付宝  万科旁  三房等大 ,https://www.douban.com/group/topic/123996896/
南苑地铁华元欢乐城小区朝南大房间低价转租1400/月,https://www.douban.com/group/topic/120011874/
西溪软件园乐天城南侧五常大道西溪印象城附近直租公寓押一付一,https://www.douban.com/group/topic/123094320/
德胜上郡1500包物业网费，房东直租朝南带独立阳台大次卧，换乘1号线交通方便,https://www.douban.com/group/topic/112846495/
西溪湿地旁 上市公司旗下高端酒店服务式公寓  直达阿里西溪园区,https://www.douban.com/group/topic/122953090/
近华立科技园附近 古荡支付宝阿里西溪园 恒生电子科技园 拎包入住,https://www.douban.com/group/topic/123094636/
金地悉呈国际社区 西溪印象城乐天城双购物中心 全新家具家电拎包入住,https://www.douban.com/group/topic/123012824/
本人房东，雍容华庭的带独卫大房间便宜出租啦，近三墩地铁站，仅限女生2150,https://www.douban.com/group/topic/122171986/
可短租半年起，押一付一余杭五常乐天城旁，房东直租一室户整租,https://www.douban.com/group/topic/123477128/
杭州高端品牌服务式公寓 近西溪印象城 华立科技园附近 精装修押一付一,https://www.douban.com/group/topic/123094838/
三墩 龙湖水晶郦城1000-2000无中介费出租,https://www.douban.com/group/topic/123996522/
金地品牌服务式公寓 商务化 乐天城商场楼下 直达阿里巴巴海创园,https://www.douban.com/group/topic/123094975/
金地悉呈国际社区 西溪印象城乐天城购物中心 全新家具家电拎包入住,https://www.douban.com/group/topic/123095435/
余杭区一号线南苑地铁口华元欢乐城公寓首次出租，房东直租，免中介费中介勿扰,https://www.douban.com/group/topic/123877002/
活动仅剩两天!  东站 彭埠 房租首月立减600--1400  图片实拍 欢迎留言看房 一年仅一次机会,https://www.douban.com/group/topic/123838705/
"文一西路，近阿里，西溪首座，海创园，西溪铭座一室一厅整租
",https://www.douban.com/group/topic/123668526/
,https://www.douban.com/group/145219/?ref=sidebar
金地品牌服务式公寓 商务化 乐天城商场楼下 直达阿里巴巴海创园,https://www.douban.com/group/topic/123094975/
金地悉呈国际社区 西溪印象城乐天城购物中心 全新家具家电拎包入住,https://www.douban.com/group/topic/123095435/
余杭区一号线南苑地铁口华元欢乐城公寓首次出租，房东直租，免中介费中介勿扰,https://www.douban.com/group/topic/123877002/
活动仅剩两天!  东站 彭埠 房租首月立减600--1400  图片实拍 欢迎留言看房 一年仅一次机会,https://www.douban.com/group/topic/123838705/
"文一西路，近阿里，西溪首座，海创园，西溪铭座一室一厅整租
",https://www.douban.com/group/topic/123668526/
［金地品牌公寓］西溪湿地多套房源交通便利 性价比高 无中介 整租一室户独卫,https://www.douban.com/group/topic/122750412/
西溪印象城乐天城旁 公寓直租无中介 押一付一 酒店公寓,https://www.douban.com/group/topic/123871527/
绿地旭辉城 精装修 近奥体中心 民营企业发展大厦 联合中心 国际博览中心,https://www.douban.com/group/topic/123996040/
【独卫清爽单间无中介1750】1号线西兴地铁 鑫都汇 临近网易阿里华为,https://www.douban.com/group/topic/123996028/
萧山明怡花苑招室友1100元/月,https://www.douban.com/group/topic/123465077/
缤纷北苑 星光大道 星耀城江景房 三室一厅可烧饭,https://www.douban.com/group/topic/123276971/
地铁彭埠站附近 公寓转租 时间国际,https://www.douban.com/group/topic/121556617/
毛家桥公寓【近古翠地铁站 超大落地窗】,https://www.douban.com/group/topic/123589638/
个人直租 首月减600 无中介费 翠苑五区 精装修 近古翠路 学院路地铁口,https://www.douban.com/group/topic/123087557/
房东直租~2号线0距离古墩路 精装loft 支持短租,https://www.douban.com/group/topic/123916490/
出租杭州滨江区迎春小区 单间1650,https://www.douban.com/group/topic/123278580/
房东出租 无中介 下城区石桥新天地附近精装修酒店式公寓 配套设施齐全 拎包入住,https://www.douban.com/group/topic/123927589/
下沙锦湖家园 两室一厨一卫一厅，带阳台，只要2800，你没看错！,https://www.douban.com/group/topic/122107852/
2号线 飞虹路口 美哉美城 单间出租 不是中介,https://www.douban.com/group/topic/123610044/
【房东出租】滨江长河 2室1厅1厨1卫 整租2600,https://www.douban.com/group/topic/115381915/
【西湖区】西溪银泰旁，紫金港，主卧带独卫出租，2000 ,https://www.douban.com/group/topic/123919004/
庆隆苑三房出租，城西银泰，黄龙附近，三房朝南，民用水电,https://www.douban.com/group/topic/123995633/
庆隆苑三房出租，城西银泰，黄龙附近，三房朝南，民用水电,https://www.douban.com/group/topic/123995632/
滨江区滨河地铁口旁迎春南苑朝南单间出租,https://www.douban.com/group/topic/123995586/
九堡  红星嘉园三区  四房两卫 拎包入住,https://www.douban.com/group/topic/123496432/
,https://www.douban.com/group/145219/?ref=sidebar
【西湖区】西溪银泰旁，紫金港，主卧带独卫出租，2000 ,https://www.douban.com/group/topic/123919004/
庆隆苑三房出租，城西银泰，黄龙附近，三房朝南，民用水电,https://www.douban.com/group/topic/123995633/
庆隆苑三房出租，城西银泰，黄龙附近，三房朝南，民用水电,https://www.douban.com/group/topic/123995632/
滨江区滨河地铁口旁迎春南苑朝南单间出租,https://www.douban.com/group/topic/123995586/
九堡  红星嘉园三区  四房两卫 拎包入住,https://www.douban.com/group/topic/123496432/
【房东出租】博奥城单间出租 杭州湾信息港旁 1300无中介费,https://www.douban.com/group/topic/122152772/
拱墅区 融信学院府 城西银泰附近，地铁一公里多，汽车北站旁，无中介费,https://www.douban.com/group/topic/122612860/
个人出租新青年广场跟前，蓝色霞湾小区，合租优质次卧,https://www.douban.com/group/topic/123416254/
求租 | 梦想小镇上班，求房源,https://www.douban.com/group/topic/123397105/
#建国北路锦园小区精装修温馨一居室#,https://www.douban.com/group/topic/123610815/
转登新公寓单间，近二号线,https://www.douban.com/group/topic/123724410/
一号线七堡地铁口有房出租1200到1800,https://www.douban.com/group/topic/122136590/
一号线七堡地铁口有房出租1200到1800无中介,https://www.douban.com/group/topic/122136703/
西子国际旁笕东嘉苑有一室一厅一厨一卫出租2000到2600,https://www.douban.com/group/topic/122137234/
精装合租房找室友，拎包入住，押一付一，距离地铁口2号线300米,https://www.douban.com/group/topic/123156390/
庆云居精装三室 三房都朝南一样大 近庆隆苑 三宝郡庭 5000出头 天堂软件园,https://www.douban.com/group/topic/123994502/
阿里西溪园区对面福鼎家园单间套房出租,https://www.douban.com/group/topic/123072924/
再租不出去我不租了！文二路98号,https://www.douban.com/group/topic/122133553/
丰谭路地铁口 财经大学附近天湖公寓超大三房二厅二卫出租,https://www.douban.com/group/topic/123994449/
溪畔花园三室两厅两卫出租，价格5500，还可以再谈，工商大学附近,https://www.douban.com/group/topic/123994257/
转租   奥体周边  绿地旭辉城    四居室单间    室友正紧工作 ,https://www.douban.com/group/topic/123828731/
4妹子求合租,https://www.douban.com/group/topic/119218682/
2号线虾龙圩，城西银泰附近申花壹号院朝南带阳台1700，无中介费！,https://www.douban.com/group/topic/123403826/
个人低价转租(北站),https://www.douban.com/group/topic/119233745/
精装房找室友，地铁口边上，拎包入住，压一付一，价格1500到1800,https://www.douban.com/group/topic/123157972/
翠苑三区天堂软件园同德医院精装一室出租无中介费包物业费可压一付一,https://www.douban.com/group/topic/122191949/
滨江长河，南岸晶都一室一厅一厨一卫南北双阳台3600/月，有意来询15967189421微信同步,https://www.douban.com/group/topic/123925172/
（近西溪银泰、阿里、西溪首座、金色西溪）中海西溪华府 次卧出租个人 中介勿扰,https://www.douban.com/group/topic/123520674/
湘云雅苑 朝北次卧可短租 1600海康吉利 正泰大厦 智慧E谷 大华江虹国际附,https://www.douban.com/group/topic/123993938/
城西银泰旁。 拱苑小区。四房两卫分租。朝南带飘窗。实拍图。,https://www.douban.com/group/topic/123340555/
景芳一区，地铁4号线景芳站附近次卧出租，限女生，1350/月,https://www.douban.com/group/topic/123901302/
・・,https://www.douban.com/group/topic/104792036/
望月公寓3室1厅1厨1卫主卧出租，浙大紫金港校区边，地铁2号线口，,https://www.douban.com/group/topic/123992715/
阿里巴巴西溪园区旁 紧邻海创园 富力天贸广场 赛银国际广场 压一付一 非中介,https://www.douban.com/group/topic/123867941/
滨兴家园小单间出租,https://www.douban.com/group/topic/123993749/
远洋国际中心 远洋公馆旁 紧邻印象城购物中心 临近杭州明珠大厦 欧尚超市,https://www.douban.com/group/topic/123868144/
地铁二号线古翠路旁 紧邻西湖国际科技大厦 支付宝大楼 华星时代广场 非中介,https://www.douban.com/group/topic/123868462/
大关 精装单间 紧邻海外海德胜大厦 野风现代之星 临近升佳大厦 压一付一,https://www.douban.com/group/topic/123868720/
中医药大学地铁旁 找合租小伙伴,https://www.douban.com/group/topic/121611020/
万达广场旁 紧邻中国智慧信息产业园 北部软件园 影天像素园 压一付一 非中介,https://www.douban.com/group/topic/123868969/
中医药大学地铁旁 找合租小伙伴,https://www.douban.com/group/topic/121611069/
城西银泰旁 拱苑小区 三房整租可分租 价格实惠 实拍图,https://www.douban.com/group/topic/123617589/
个人转租，振华路  中旅紫金名门，地铁三墩站附近，无不良嗜好，稳定工作,https://www.douban.com/group/topic/123955374/
【整租】酒店式公寓 西湖区三墩2号线地铁站附近  可月付 可短租 拎包入住,https://www.douban.com/group/topic/123081733/
,https://www.douban.com/group/145219/?ref=sidebar
万达广场旁 紧邻中国智慧信息产业园 北部软件园 影天像素园 压一付一 非中介,https://www.douban.com/group/topic/123868969/
中医药大学地铁旁 找合租小伙伴,https://www.douban.com/group/topic/121611069/
城西银泰旁 拱苑小区 三房整租可分租 价格实惠 实拍图,https://www.douban.com/group/topic/123617589/
个人转租，振华路  中旅紫金名门，地铁三墩站附近，无不良嗜好，稳定工作,https://www.douban.com/group/topic/123955374/
【整租】酒店式公寓 西湖区三墩2号线地铁站附近  可月付 可短租 拎包入住,https://www.douban.com/group/topic/123081733/
【9月科技城整租】富力西溪盛悦居，近阿里 3房2厅1卫精装新房,https://www.douban.com/group/topic/123678007/
枫华府第朝南单间出租，学院路地铁口旁边，黄龙万科，华星路附近,https://www.douban.com/group/topic/123993547/
滨江仁苑两室一厅出租（已出租）,https://www.douban.com/group/topic/113668944/
黄龙附近单间转租 无需中介费 随时入住,https://www.douban.com/group/topic/123669410/
在校大学生一个月短租,https://www.douban.com/group/topic/122875899/
【转租】【池华街丰盛九玺】 押一付一 ,https://www.douban.com/group/topic/123720861/
萧山江南明城整租,https://www.douban.com/group/topic/123993330/
非中介阿里西溪园区未来科技城板块西溪蓝海精品loft/平层公寓,https://www.douban.com/group/topic/123924475/
西湖区拱墅区 学院路 大悦城旁 近地铁口 庆隆苑 单间独卫精装出租,https://www.douban.com/group/topic/123982312/
滨江中赢康康谷主卧出租,https://www.douban.com/group/topic/123814812/
阳光城上府 地铁一号线滨康路站 附近华瑞中心 中冠置地 金瑞大厦 商会大厦,https://www.douban.com/group/topic/123993236/
独卫，40平酒店式公寓，中南幕墙，网易，阿里，华三，江虹，东冠...看过来~,https://www.douban.com/group/topic/123993070/
杭州哪里学日语好呢,https://www.douban.com/group/topic/123438943/
翠苑三区，单间房出租价格1530，干净整洁朝南近地铁口，物美超市,https://www.douban.com/group/topic/123888206/
非中介租房二号线金家渡站金地广场loft精品公寓长短租均可,https://www.douban.com/group/topic/123976713/
大关 大浒东苑 紫荆家园 单间 万通绿地中心 独卫,https://www.douban.com/group/topic/107368817/
三房两厅两卫，临近浙大紫金港跟城西银泰（房东直租，中介勿扰）,https://www.douban.com/group/topic/123992856/
求租武林门附近一公里范围一个单间,https://www.douban.com/group/topic/123886213/
未来科技城西溪金座三室两厅豪华装修出租,https://www.douban.com/group/topic/123863707/
【转塘出租】无中介两室一厅 精装修,https://www.douban.com/group/topic/123992705/
,https://www.douban.com/group/145219/?ref=sidebar
翠苑三区，单间房出租价格1530，干净整洁朝南近地铁口，物美超市,https://www.douban.com/group/topic/123888206/
非中介租房二号线金家渡站金地广场loft精品公寓长短租均可,https://www.douban.com/group/topic/123976713/
大关 大浒东苑 紫荆家园 单间 万通绿地中心 独卫,https://www.douban.com/group/topic/107368817/
三房两厅两卫，临近浙大紫金港跟城西银泰（房东直租，中介勿扰）,https://www.douban.com/group/topic/123992856/
求租武林门附近一公里范围一个单间,https://www.douban.com/group/topic/123886213/
未来科技城西溪金座三室两厅豪华装修出租,https://www.douban.com/group/topic/123863707/
【转塘出租】无中介两室一厅 精装修,https://www.douban.com/group/topic/123992705/
不是中介，西城纪loft三室一厅，城西银泰，印象城，天堂软件园附近，近黄龙,https://www.douban.com/group/topic/123688019/
滨江区星光大道旁中兴花园阳台房出租，无中介费，无服务费，民水民电，电梯房，对面天街，交通便利,https://www.douban.com/group/topic/122381480/
【转塘出租】人才家苑 两室一厅 拎包入住,https://www.douban.com/group/topic/123992491/
滨兴小区阳台房出租，近阿里巴巴，网易，星光大道，英飞特大厦，民水民电，没有中介费。,https://www.douban.com/group/topic/123464670/
滨江区缤纷北苑单间出租(落地窗大衣柜25平大房间），民水民电，没有中介费，吉利大厦，海康威视，星耀城，江陵路地铁站,https://www.douban.com/group/topic/123464707/
文二西路 西溪水岸 大单间转租，带阳台 阿里 海创园附近,https://www.douban.com/group/topic/85855572/
文三西路五联西苑-房东直租无中介,https://www.douban.com/group/topic/123992427/
湘云雅苑 朝北次卧带独卫飘窗 海康吉利 正泰大厦 智慧E谷 大华江虹国际,https://www.douban.com/group/topic/123992419/
新加坡科技园附近 有房出租 押一付一 可月付,https://www.douban.com/group/topic/123011596/
二号线文新站，骆家庄东苑，一室一厨一卫，转租，1400，一楼,https://www.douban.com/group/topic/122935148/
无中介可短租月付 西溪八方城附近 精装修85折优惠 全新家具家电,https://www.douban.com/group/topic/123992144/
独卫，40平酒店式公寓，中南幕墙，网易，阿里，华三，江虹，东冠...看过来~,https://www.douban.com/group/topic/123992121/
找室友 女生 近江站一号线四号线两室一厅次卧,https://www.douban.com/group/topic/120833732/
西溪银泰，西溪谷，世纪中心旁，河滨之城单间1250出租。,https://www.douban.com/group/topic/122505807/
无中介可短租  月付 西溪八方城附近 精装修85折优惠 全新家具家电,https://www.douban.com/group/topic/123860643/
江干下沙 金沙湖地铁口 天街商圈 龙湖滟澜山 早城 品质公寓直租 无中介费 押一付一 随时看房 拎包入住,https://www.douban.com/group/topic/120651708/
江干下沙 金沙湖地铁口 天街商圈 龙湖滟澜山 早城 品质公寓直租 无中介费 押一付一 随时看房,https://www.douban.com/group/topic/120652412/
下沙 云水江滨地铁口 工商大学 新加坡科技园周边 品质公寓直租 无中介费 押一付一 随时看房 拎包入住,https://www.douban.com/group/topic/120697649/
城西银泰附近，主卧独卫朝南，个人转租。,https://www.douban.com/group/topic/123972043/
不是中介 拱墅万达附近富越香郡3室1厅精装整租,https://www.douban.com/group/topic/123350045/
七堡地铁口200米精装房子出租，拎包入住,https://www.douban.com/group/topic/110682756/
870短租一个月房源，民水民电，特价优惠限学生，非中介！,https://www.douban.com/group/topic/123676005/
首月减1200元 2号线人民广场附近 单身公寓 银通大厦 中誉现代城,https://www.douban.com/group/topic/123664524/
七堡地铁口200米，小区环境优美，随时看房，拎包入住。13666603870,https://www.douban.com/group/topic/111476189/
不是中介，2号线虾龙圩400米，城西银泰，浙大紫金港附近西城年华阳台房,https://www.douban.com/group/topic/123604921/
七堡地铁口零距离，精装单身公寓出租，随时看房，拎包入住。13666603870,https://www.douban.com/group/topic/111476386/
下沙银泰 邵逸夫医院周边 配套齐全 品质公寓直租，公交直达 押一付一 随时看房 拎包入住,https://www.douban.com/group/topic/120699045/
五常大道 交通便利 可做饭 无中介,https://www.douban.com/group/topic/123815103/
庆隆苑精装三室两厅 房东自住装修 电梯房中间楼层 只要4900,https://www.douban.com/group/topic/123732544/
已经租出去了！！！转租  西湖区文二西路 蒋村花园1400,https://www.douban.com/group/topic/120550317/
湘云雅苑 海康吉利 正泰大厦 智慧E谷 大华江虹国际 民用水电,https://www.douban.com/group/topic/123991312/
首月立减1200，月付，2号线人民路地铁口 银通大厦 单身公寓  微电15068744575,https://www.douban.com/group/topic/123424011/
首月房租立减600元  2号线地铁飞虹路地铁口 美哉美城 民用水电 月付 微电同号15068744575,https://www.douban.com/group/topic/123729556/
个人转租 中介勿扰 下沙西地铁口松合时代商城单身公寓,https://www.douban.com/group/topic/122784315/
,https://www.douban.com/group/145219/?ref=sidebar
庆隆苑精装三室两厅 房东自住装修 电梯房中间楼层 只要4900,https://www.douban.com/group/topic/123732544/
已经租出去了！！！转租  西湖区文二西路 蒋村花园1400,https://www.douban.com/group/topic/120550317/
湘云雅苑 海康吉利 正泰大厦 智慧E谷 大华江虹国际 民用水电,https://www.douban.com/group/topic/123991312/
首月立减1200，月付，2号线人民路地铁口 银通大厦 单身公寓  微电15068744575,https://www.douban.com/group/topic/123424011/
首月房租立减600元  2号线地铁飞虹路地铁口 美哉美城 民用水电 月付 微电同号15068744575,https://www.douban.com/group/topic/123729556/
个人转租 中介勿扰 下沙西地铁口松合时代商城单身公寓,https://www.douban.com/group/topic/122784315/
直租，拱墅的单间，精装月付,https://www.douban.com/group/topic/122502798/
求租房，合租，中介勿扰！,https://www.douban.com/group/topic/123983725/
德胜新村精装修二室一厅次卧转租1650,https://www.douban.com/group/topic/123502670/
急转。价格看着给…,https://www.douban.com/group/topic/123389166/
黄龙体育馆中心  聚丰公寓多套单身公寓出租19905815752微信同号  豆掰不回复  照片实拍,https://www.douban.com/group/topic/123990408/
景芳新五区 精装两室 家电家具齐全 房东房源 随时入住 4500元/月诚心可议,https://www.douban.com/group/topic/123270473/
"钱江七苑,景芳地铁口1号线，钱江路地铁可换乘2号线，天虹，天星龙大厦，新塘路与太平门直街，真实照片，阁楼单间带空调900元每月",https://www.douban.com/group/topic/116086038/
2号线飞虹路地铁口，美哉美城，精装修，民用水电，月付。出门菜市场，美食城，健身游泳馆。微电同号15068744575,https://www.douban.com/group/topic/123813962/
万达北软附近，限时折扣95折。泊寓北宸社区,https://www.douban.com/group/topic/113978257/
 望月公寓3室1厅1厨1卫主卧出租，浙大紫金港校区边 ,https://www.douban.com/group/topic/123990394/
泊寓北宸。近拱墅万达啊，北软，限时折扣95折,https://www.douban.com/group/topic/108893576/
t,https://www.douban.com/group/topic/112850949/
望月公寓3室1厅1厨1卫主卧出租，浙大紫金港校区边,https://www.douban.com/group/topic/123990354/
网易阿里直达，2400包水网超大主卧带阳台独卫，押一付一,https://www.douban.com/group/topic/123911127/
2号线飞虹路地铁口，美哉美城，精装修，民用水电，月付。出门菜市场，美食城，健身游泳馆。微电同号15068744575,https://www.douban.com/group/topic/123813497/
招商雍泽府 七堡地铁口 九和路地铁口 大飘窗 可做饭,https://www.douban.com/group/topic/123981775/
城西银泰旁。拱苑小区三房一厅一卫整租。 可分租。整租只要4500。,https://www.douban.com/group/topic/123586216/
【个人转租】凤起路单身公寓转租 近地铁站1号线2号线交汇处黄金地段 生活便利,https://www.douban.com/group/topic/122993409/
西溪花园白荻苑 一室一厅一厨一卫 1600元整套出租,https://www.douban.com/group/topic/123990206/
杭州向太阳青旅包吃喝玩儿乐，私房大餐8000起招人,https://www.douban.com/group/topic/123564673/
个转 拱墅区 北软智汇园 随寓人才公寓2500/月大床房,https://www.douban.com/group/topic/118854087/
s,https://www.douban.com/group/topic/113210196/
浅水湾城市花园精装三房两厅 沈塘桥地铁站 新华医院,https://www.douban.com/group/topic/123765767/
(申花郡) 新出房源 可月付 无服务费 价位便宜哦 民用水电 采光好,https://www.douban.com/group/topic/120461438/
政苑小区 新出房子了哦 三坝地铁站 无服务费 全新配置 家电齐全,https://www.douban.com/group/topic/120572806/
房东直租北部软件园隔壁《阳光郡》1800朝南带阳台次卧,https://www.douban.com/group/topic/122164925/
s,https://www.douban.com/group/topic/113210354/
求租中国智慧信息产业园1000以下滴房子,https://www.douban.com/group/topic/123259662/
九堡四季青 客运中心地铁口胜稼红星嘉园精装单间 单间带厨带卫850-1650元,https://www.douban.com/group/topic/121982944/
,https://www.douban.com/group/145219/?ref=sidebar
(申花郡) 新出房源 可月付 无服务费 价位便宜哦 民用水电 采光好,https://www.douban.com/group/topic/120461438/
政苑小区 新出房子了哦 三坝地铁站 无服务费 全新配置 家电齐全,https://www.douban.com/group/topic/120572806/
房东直租北部软件园隔壁《阳光郡》1800朝南带阳台次卧,https://www.douban.com/group/topic/122164925/
s,https://www.douban.com/group/topic/113210354/
求租中国智慧信息产业园1000以下滴房子,https://www.douban.com/group/topic/123259662/
九堡四季青 客运中心地铁口胜稼红星嘉园精装单间 单间带厨带卫850-1650元,https://www.douban.com/group/topic/121982944/
拱宸桥湖州街【锦绣文澜】高层侧卧1500转租 中介勿扰,https://www.douban.com/group/topic/123989924/
地铁一号线乔司地铁口乔司国际商贸城 乔中永和苑精装单间主卧带卫950-1600元,https://www.douban.com/group/topic/122823423/
九堡客运中心地铁口九堡地铁口九堡四季青 胜稼红星嘉园精装单间主卧750-1850,https://www.douban.com/group/topic/122907286/
萧山区钱江世纪城飞虹路地铁口0距离，顺发和美家，朝南独立的一室一卫一厨一阳台，精装全配拎包入住,https://www.douban.com/group/topic/123162490/
房东直租 文三西路单间独卫 1200/月付,https://www.douban.com/group/topic/123989833/
采荷新村温馨小两房首次招租【房东直租】,https://www.douban.com/group/topic/123989831/
4000上城木材新村4号线2房出租，押一付三，可以煮饭，民用水电。,https://www.douban.com/group/topic/123989793/
河东路-朝晖三区-女-800/月-近西湖文化广场地铁站-1号线,https://www.douban.com/group/topic/123989648/
印月尚庭2房精装单间直租，带阳台,https://www.douban.com/group/topic/123878994/
阿里巴巴西溪园区旁 一厨一卫朝南单间 低价转租,https://www.douban.com/group/topic/123989499/
温馨人家，近滨河路地铁站，星光大道，龙湖天街，单间出租，民用水电，没有中介费,https://www.douban.com/group/topic/123878623/
820全包一个床位，古翠路地铁口步行5分钟,https://www.douban.com/group/topic/122975035/
瑞丽中央花城 房屋转租2000,https://www.douban.com/group/topic/123439434/
三墩地铁口，秀里华庭一室一卫，三室三卫整租，价格便宜，无中介费,https://www.douban.com/group/topic/122318057/
佳境天城天和苑振宁路100米，不要中介费，农业大厦，钱江新城，钱江世纪城，望京，大象国际中心,https://www.douban.com/group/topic/123875102/
西田城楼上，金家渡地铁口附近，西田公馆loft两室出租，无中介费,https://www.douban.com/group/topic/120993400/
拱墅区西城时代一室一厅整租 押一付一无中介费 ，拎包入住！ 中介勿扰,https://www.douban.com/group/topic/123989530/
建国北路（锦园小区）招室友,https://www.douban.com/group/topic/123989522/
中兴花园单间出租，近龙湖天街，星光大道，名豪大厦，信雅达国际，民用水电，没有中介费,https://www.douban.com/group/topic/123874527/
,https://www.douban.com/group/145219/?ref=sidebar
三墩地铁口，秀里华庭一室一卫，三室三卫整租，价格便宜，无中介费,https://www.douban.com/group/topic/122318057/
佳境天城天和苑振宁路100米，不要中介费，农业大厦，钱江新城，钱江世纪城，望京，大象国际中心,https://www.douban.com/group/topic/123875102/
西田城楼上，金家渡地铁口附近，西田公馆loft两室出租，无中介费,https://www.douban.com/group/topic/120993400/
拱墅区西城时代一室一厅整租 押一付一无中介费 ，拎包入住！ 中介勿扰,https://www.douban.com/group/topic/123989530/
建国北路（锦园小区）招室友,https://www.douban.com/group/topic/123989522/
中兴花园单间出租，近龙湖天街，星光大道，名豪大厦，信雅达国际，民用水电，没有中介费,https://www.douban.com/group/topic/123874527/
【首月直降1000】个人转租滨江区【缤纷东苑】两室一厅精装修包物业费和网费,https://www.douban.com/group/topic/123672699/
滨兴小区朝南精装大房间带阳台单间出租，无中介费！,https://www.douban.com/group/topic/123874255/
个人出租。西湖区。城西银泰。一房整租,https://www.douban.com/group/topic/123883360/
余杭梦想小镇旁『仓溢东苑』现有一间单间只需1700,https://www.douban.com/group/topic/123988778/
西湖区浙大旁望月公寓 单间独卫朝南1500 押一付一,https://www.douban.com/group/topic/123563233/
浙大紫荆港旁，望月公寓单间1500元/月,https://www.douban.com/group/topic/123313327/
房东直租、2号沈塘桥、石灰桥新村,https://www.douban.com/group/topic/123921442/
【房东直租】 景芳四区 地铁站口 朝南两室一厅整租,https://www.douban.com/group/topic/123570534/
【近江八园】次卧出租 近江地铁站B出口 日信国际对面,https://www.douban.com/group/topic/123917639/
房东出租/龙湖春江悦茗原户型朝南主卧带独立卫生间 公用厨房超低价仅2280,https://www.douban.com/group/topic/123971055/
转租朝晖三区主卧（合租一间）800/月,https://www.douban.com/group/topic/123120093/
女生合租 可住2人 建国北路地铁口 红会医院旁 包宽带包物业,https://www.douban.com/group/topic/123546724/
【转租】嘉绿景苑 一室一厨一卫+小书房 月租2020,https://www.douban.com/group/topic/123804021/
上城区甬江路地铁口钱江御府带阳台朝南次卧出租只要2090/月,https://www.douban.com/group/topic/123974129/
上城区水澄桥地铁口转租白塔人家带阳台朝南次卧出租2160/月,https://www.douban.com/group/topic/123973108/
4号线近江，南星桥，水澄桥，复兴路地铁口附近好房出租,https://www.douban.com/group/topic/122599171/
滨江华为，网易，英菲特，上峰附近朝南大单间出租1600，周边配套齐全，价格可谈，两间看房随时152-5762-2560微信电话同号,https://www.douban.com/group/topic/123934877/
房东出租文三路古墩路独卫主卧1800,https://www.douban.com/group/topic/123427442/
房东直租朝南独卫独立阳台主卧庆隆苑东区学院北路与隐秀路口，家具家电齐全，2300/月,https://www.douban.com/group/topic/123988261/
下城朝晖，上城复兴，火车东站，江干景芳附近好房出租，应届本科毕业生月付免押金,https://www.douban.com/group/topic/123058169/
泊寓-精峰店 单身公寓转租,https://www.douban.com/group/topic/123988207/
下城区，东新路，水印康庭，独立卫生间独立阳台。,https://www.douban.com/group/topic/123761264/
西溪八方城loft出租 主卧半张床900元／月 次卧1400元／月,https://www.douban.com/group/topic/123988057/
彩虹城四室两厅次卧出租,https://www.douban.com/group/topic/123387716/
东站附近德信大家钱江府单间1290,https://www.douban.com/group/topic/123457906/
龙湖冠寓，银隆百货，2号线杭发厂地铁口，独厨独卫，直租无中介费,https://www.douban.com/group/topic/118104396/
迎春小区（滨和路地铁口）朝南一室一厅一厨一卫,https://www.douban.com/group/topic/123809180/
,https://www.douban.com/group/145219/?ref=sidebar
下城区，东新路，水印康庭，独立卫生间独立阳台。,https://www.douban.com/group/topic/123761264/
西溪八方城loft出租 主卧半张床900元／月 次卧1400元／月,https://www.douban.com/group/topic/123988057/
彩虹城四室两厅次卧出租,https://www.douban.com/group/topic/123387716/
东站附近德信大家钱江府单间1290,https://www.douban.com/group/topic/123457906/
龙湖冠寓，银隆百货，2号线杭发厂地铁口，独厨独卫，直租无中介费,https://www.douban.com/group/topic/118104396/
迎春小区（滨和路地铁口）朝南一室一厅一厨一卫,https://www.douban.com/group/topic/123809180/
转租三墩慧仁家园单间有厨房卫生间,https://www.douban.com/group/topic/123811154/
钱塘大观3居室合租单间，1530钱塘大观3居室合租单间，1530,https://www.douban.com/group/topic/123987769/
康乐新村小单间700,https://www.douban.com/group/topic/123814483/
莫干山路 大悦城附近,https://www.douban.com/group/topic/123987726/
东园小区 锦园 树园  建国北路地铁口 环北丝绸城 凤起路  大树路  房子面积大  格局好  有意者联系,https://www.douban.com/group/topic/123977094/
个人转租无中介费，婺江路地铁，汽车南站，带阳台单间1500,https://www.douban.com/group/topic/123958972/
沈塘桥地铁，西湖文化广场，武林门,https://www.douban.com/group/topic/123080817/
非中介，城西银泰旁，三坝地铁口400米，精装独卫带阳台1800，看房方便,https://www.douban.com/group/topic/122894842/
【武林小广场】【杭州大厦】 半道红社区主卧转租2350,https://www.douban.com/group/topic/121433254/
个人转租  限女生室友  单间  1号线闸弄口地铁站附近  1800,https://www.douban.com/group/topic/123987157/
下沙 龙湖天街江干区 红璞公寓一室一卫个人急转租,https://www.douban.com/group/topic/123752073/
东方星城，东站彭埠10分钟生活圈，民水民电，1260单间起租,https://www.douban.com/group/topic/123987036/
拱苑小区，单间出租，装修好空间大朝南，押一付一近城西银泰天堂软件园,https://www.douban.com/group/topic/123375114/
下城十五家园社区三居室合租2500  地铁2号线中河北路地铁口,https://www.douban.com/group/topic/123986988/
非中介 九龙仓珑玺 蓝砖天城  城西银泰旁边 1300-2300性价比很高,https://www.douban.com/group/topic/120531713/
【文二路古翠路口地铁口世纪新城东区】我的自住房主卧腾空出租,https://www.douban.com/group/topic/123399141/
下城十五家园社区三居室合租2500  地铁2号线中河北路地铁口,https://www.douban.com/group/topic/123986863/
下城区华丰石桥附近个人出租次卧,https://www.douban.com/group/topic/121508430/
朗诗寓文晖店 高端长租公寓,https://www.douban.com/group/topic/123986799/
,https://www.douban.com/group/145219/?ref=sidebar
下城十五家园社区三居室合租2500  地铁2号线中河北路地铁口,https://www.douban.com/group/topic/123986988/
非中介 九龙仓珑玺 蓝砖天城  城西银泰旁边 1300-2300性价比很高,https://www.douban.com/group/topic/120531713/
【文二路古翠路口地铁口世纪新城东区】我的自住房主卧腾空出租,https://www.douban.com/group/topic/123399141/
下城十五家园社区三居室合租2500  地铁2号线中河北路地铁口,https://www.douban.com/group/topic/123986863/
下城区华丰石桥附近个人出租次卧,https://www.douban.com/group/topic/121508430/
朗诗寓文晖店 高端长租公寓,https://www.douban.com/group/topic/123986799/
淘宝城附近西溪蓝海，高端精致酒店式公寓3600/月出租,https://www.douban.com/group/topic/123450672/
找室友 三墩新天地 白马尊邸单间出租,https://www.douban.com/group/topic/119874473/
不收取中介费 拎包入住 天虹公寓 浙大紫金港,https://www.douban.com/group/topic/119874584/
出租闸弄口地铁站濮家新村9月底入住,https://www.douban.com/group/topic/123957222/
龙湖水晶郦城 都市水乡 单间出租,https://www.douban.com/group/topic/119874881/
非中介。近五常软件园，印象城，西溪欢乐城2室一厅一卫性价比很高,https://www.douban.com/group/topic/123486385/
精装修 昆仑华府 近地铁口良渚站 4房 ，5房，性价比很高,https://www.douban.com/group/topic/122596277/
古荡精装好房出租（不是好房你不住）,https://www.douban.com/group/topic/123706386/
坐标西城新座蚂蚁金服支付宝大楼浙商财富中心旁荷花苑单间房东直租,https://www.douban.com/group/topic/121377898/
首月入住减800 可月付 无中介 翰林花园 浙一浙二 远洋大厦 地铁二号线,https://www.douban.com/group/topic/121006469/
【已出租】房东直租上城区西湖大道义井巷小区一室一厅（带厨卫和阳台）,https://www.douban.com/group/topic/122481638/
近江地铁站300米内次卧出租,https://www.douban.com/group/topic/121445707/
湖墅南路文晖路交叉口 大主卧转租,https://www.douban.com/group/topic/121653391/
西溪花园两房出租3500,https://www.douban.com/group/topic/123986347/
地铁一号线西兴站，滨安小区精装单间，直租无中介费,https://www.douban.com/group/topic/123986293/
朝晖一小区，西湖文化广场地铁口朝南大单间转租（限女生）,https://www.douban.com/group/topic/123439493/
西湖文化广场精装两房出租   无中介费,https://www.douban.com/group/topic/123986243/
三宝郡庭跟美女小姐姐合租两室，包网包物业哦~~小姐姐人非常好，平易近人 ,https://www.douban.com/group/topic/122724436/
首月只要1190！近滨康，金色钱塘 金惠初中 lse城市生活广场 朝南单间 可月付,https://www.douban.com/group/topic/123883745/
,https://www.douban.com/group/145219/?ref=sidebar
地铁一号线西兴站，滨安小区精装单间，直租无中介费,https://www.douban.com/group/topic/123986293/
朝晖一小区，西湖文化广场地铁口朝南大单间转租（限女生）,https://www.douban.com/group/topic/123439493/
西湖文化广场精装两房出租   无中介费,https://www.douban.com/group/topic/123986243/
三宝郡庭跟美女小姐姐合租两室，包网包物业哦~~小姐姐人非常好，平易近人 ,https://www.douban.com/group/topic/122724436/
首月只要1190！近滨康，金色钱塘 金惠初中 lse城市生活广场 朝南单间 可月付,https://www.douban.com/group/topic/123883745/
地铁一号线乔司南站四季青华贸鞋城旁红星嘉苑主卧带阳台原有厨房1600元/月,https://www.douban.com/group/topic/118434555/
地铁一号线九堡客运中心旁红星嘉苑主卧带卫1500元/月，个人房东,https://www.douban.com/group/topic/120010980/
天都城两房整租,https://www.douban.com/group/topic/123982953/
近阿里巴巴、海创园，福鼎家园朝南单间1600转租,https://www.douban.com/group/topic/123983333/
杭州公馆，一室一厅首次出租，精装修带地暖，全明户型，管道煤气，民用水电,https://www.douban.com/group/topic/123985806/
西湖区学院路地铁口翠苑一区次卧朝南出租，押一付一无中介费！,https://www.douban.com/group/topic/123984172/
【滨江萧山】佳丰北苑招室友,https://www.douban.com/group/topic/123533408/
女生合租 拱墅金象影城对面 庆云居朝南主卧 1750,https://www.douban.com/group/topic/122099212/
"九堡地铁口，loft,独门独户，直租，无中介费 客运中心",https://www.douban.com/group/topic/123984530/
滨江闻堰房间出租，没有中介费家具齐全直接住 1200左右,https://www.douban.com/group/topic/123564235/
下沙中豪七格 两室一厅 厕所干湿分离 3400。,https://www.douban.com/group/topic/123978871/
房东直租，单间独厨独卫，包物业费网费，1600无中介费,https://www.douban.com/group/topic/123135334/
求合租，找女生室友，江干区九堡或九和路地铁站附近，多立方小区,https://www.douban.com/group/topic/123985680/
申花  高端小区东方福邸，稀缺一室一厅一厨一卫70方，价格便宜，家具全齐,https://www.douban.com/group/topic/123942407/
三坝地铁口 悦西台 精装带阳台 月付,https://www.douban.com/group/topic/123860847/
城西银泰旁 精装全配一室 独立厨卫 只要1700 包网包物业 支持月付,https://www.douban.com/group/topic/123366653/
城西银泰旁 东方福邸 精装两室 只要3000+ 两房朝南带大阳台支持月付,https://www.douban.com/group/topic/123367407/
转租滨江盛庐小区主卧2200押一付三2室1厅1卫,https://www.douban.com/group/topic/123950871/
余杭，梦想小镇海创园有房出租，单间1000-1300之间,https://www.douban.com/group/topic/117605992/
萧山 近飞虹路地铁2公里 泊林春天公寓单间1400出租,https://www.douban.com/group/topic/117730172/
,https://www.douban.com/group/145219/?ref=sidebar
三坝地铁口 悦西台 精装带阳台 月付,https://www.douban.com/group/topic/123860847/
城西银泰旁 精装全配一室 独立厨卫 只要1700 包网包物业 支持月付,https://www.douban.com/group/topic/123366653/
城西银泰旁 东方福邸 精装两室 只要3000+ 两房朝南带大阳台支持月付,https://www.douban.com/group/topic/123367407/
转租滨江盛庐小区主卧2200押一付三2室1厅1卫,https://www.douban.com/group/topic/123950871/
余杭，梦想小镇海创园有房出租，单间1000-1300之间,https://www.douban.com/group/topic/117605992/
萧山 近飞虹路地铁2公里 泊林春天公寓单间1400出租,https://www.douban.com/group/topic/117730172/
东站彭埠地铁口明月1区单间独卫1800,https://www.douban.com/group/topic/118952987/
信义坊 远洋乐堤港 大悦城附近 三宝新村精装两房,https://www.douban.com/group/topic/123526984/
萧山 近飞虹路地铁附近 泊林春天单间950-1600出租,https://www.douban.com/group/topic/119490144/
三墩金地自在城鹭影轩 个人转租【限女生】,https://www.douban.com/group/topic/123845907/
东站彭埠地铁口 明月嘉苑三区单间1100-2300之间,https://www.douban.com/group/topic/121177187/
东站彭埠地铁口大主卧出租 房东直租,https://www.douban.com/group/topic/123735746/
金沙湖地铁站附近合租单间，电话/微信:15317117061,https://www.douban.com/group/topic/123863410/
黄龙旁边一室出租，家具家电齐全，拎包入住,https://www.douban.com/group/topic/123985358/
东站 彭埠地铁口 明月嘉苑一区单间独卫出租,https://www.douban.com/group/topic/123939876/
城西转租，招靠谱室友：次卧20平1900元/月，大主卧+独卫+阳台70平米2700元/月，随时可以入住,https://www.douban.com/group/topic/123259385/
二号线地铁口文新站，骆家庄东苑1400月付。交通便利,https://www.douban.com/group/topic/123984909/
迎春北苑招室友,https://www.douban.com/group/topic/123882591/
西湖区文三路教工路口，朝南带独卫，配套客厅和厨房,https://www.douban.com/group/topic/110633492/
个人转租 荷花苑独立单间有独卫1550,https://www.douban.com/group/topic/122603052/
城院 树大 中大银泰 新天地 精装loft 中国铁建城,https://www.douban.com/group/topic/123985035/
临平南苑乔司地铁口附近  精装单间 押一付一 九漾华庭 世纪嘉园 东海水景城,https://www.douban.com/group/topic/123985010/
蚂蚁Z空间 浙商财富中心附近 带飘窗次卧 真实照片 房东急租,https://www.douban.com/group/topic/123734907/
 临平南苑乔司地铁口附近  精装单间 押一付一 九漾华庭 世纪嘉园 东海水景城,https://www.douban.com/group/topic/123984976/
个人转租：地铁二号线古翠路站，嘉绿文苑小区，精装一室一厨一卫,https://www.douban.com/group/topic/123793076/
,https://www.douban.com/group/145219/?ref=sidebar
城院 树大 中大银泰 新天地 精装loft 中国铁建城,https://www.douban.com/group/topic/123985035/
临平南苑乔司地铁口附近  精装单间 押一付一 九漾华庭 世纪嘉园 东海水景城,https://www.douban.com/group/topic/123985010/
蚂蚁Z空间 浙商财富中心附近 带飘窗次卧 真实照片 房东急租,https://www.douban.com/group/topic/123734907/
 临平南苑乔司地铁口附近  精装单间 押一付一 九漾华庭 世纪嘉园 东海水景城,https://www.douban.com/group/topic/123984976/
个人转租：地铁二号线古翠路站，嘉绿文苑小区，精装一室一厨一卫,https://www.douban.com/group/topic/123793076/
转租，二号线虾龙圩站望月公寓，紧邻浙大紫金港,https://www.douban.com/group/topic/117880796/
西湖区万塘明珠公寓3室合租 近支付宝 古翠路地铁口 押一付一 无中介费 拎包入住！,https://www.douban.com/group/topic/123984846/
江干区钱江新城三堡东苑 南向带阳台卧室 可拎包入住 限女生,https://www.douban.com/group/topic/121384477/
古墩路，莲花街，浙商财富中心 嘉绿景苑南园,https://www.douban.com/group/topic/123927383/
火车东站 闸弄口 1998/月 精装修单身公寓 独卫月付,https://www.douban.com/group/topic/122772252/
个人出租山水人家清水湾，财富广场附近，离黄龙起步价，朝南带阳台，2550,https://www.douban.com/group/topic/123984512/
钱江世纪城地铁口五百米精装公寓,https://www.douban.com/group/topic/123365647/
漾河人家 中大银泰城 城北体育馆 大型超市 月付 拎包入住,https://www.douban.com/group/topic/123984389/
【客运中心地铁口】【个人】【找室友】【金雅苑】精装修，三室一厅,https://www.douban.com/group/topic/123462280/
转租 无中介费 西溪印象城 西溪雅苑2室1厅1厨1卫,https://www.douban.com/group/topic/123613048/
蒋村花园兴达苑转租，一室独卫带阳台（可以晒被子）月租1700，欢迎来看房,https://www.douban.com/group/topic/123884318/
乐天城，五常大道，精装修loft户型1房2房3房都有，3000/月 起,https://www.douban.com/group/topic/123984078/
【转租】【白洋地铁附近】2房1卫1厅,https://www.douban.com/group/topic/123961880/
火车东站彭埠地铁附近精装房源拎包入住临近西子国际永辉超市出行方便,https://www.douban.com/group/topic/123430903/
近阿里 海创园 银泰 西溪泊岸精装两室loft公寓 朝南采光棒 实惠,https://www.douban.com/group/topic/123794545/
新青年广场 胜利河美食街附近 落地窗单间 真实照片 房东急租,https://www.douban.com/group/topic/123734792/
沁雅花园一房出租 ，地铁口，z空间，支付宝附近。 近山水人家，古荡,https://www.douban.com/group/topic/123980890/
一号线九堡地铁站附近万科魅力之城独卫大房间+真皮靠椅+日式桌椅,https://www.douban.com/group/topic/117151308/
东方福邸 城西银泰 矩阵国际 天行国际 天堂软件园 月付,https://www.douban.com/group/topic/123983947/
长堤明苑 因有事着急转租 房子押一付一 庆菱路地铁口 浙一医院,https://www.douban.com/group/topic/123291830/
,https://www.douban.com/group/145219/?ref=sidebar
新青年广场 胜利河美食街附近 落地窗单间 真实照片 房东急租,https://www.douban.com/group/topic/123734792/
沁雅花园一房出租 ，地铁口，z空间，支付宝附近。 近山水人家，古荡,https://www.douban.com/group/topic/123980890/
一号线九堡地铁站附近万科魅力之城独卫大房间+真皮靠椅+日式桌椅,https://www.douban.com/group/topic/117151308/
东方福邸 城西银泰 矩阵国际 天行国际 天堂软件园 月付,https://www.douban.com/group/topic/123983947/
长堤明苑 因有事着急转租 房子押一付一 庆菱路地铁口 浙一医院,https://www.douban.com/group/topic/123291830/
黄龙体育馆旁，天际大厦边上。汇丰公寓，单间带阳台出租，卫生打扫中。价格实惠美丽。,https://www.douban.com/group/topic/123983855/
不是中介，城西银泰，印象城，天堂软件园附近余杭塘路近黄龙，黄龙金茂悦有阳台，有主卧飘窗,https://www.douban.com/group/topic/123157807/
婺江、近江地铁站，无中介费，电话同微信13314636809,https://www.douban.com/group/topic/123973331/
不是中介，2号线虾龙圩，城西银泰附近丰潭路申花壹号院清爽干净单间，实图,https://www.douban.com/group/topic/123484752/
【转租】汽车北站附近，融信学院府，边套户型次卧转租（文末有图片）,https://www.douban.com/group/topic/123983748/
七堡地铁站 九和路地铁站 各种卧室出租,https://www.douban.com/group/topic/123088471/
文一路益乐新村三楼朝南单间独卫，1500，押一付一，半年起租。非中介,https://www.douban.com/group/topic/123921736/
【无甲醛】古荡新村两室一厅好房出租，近蚂蚁z空间，黄龙时代，支付宝大楼，黄龙体育中心，丰潭路地铁站，非中介,https://www.douban.com/group/topic/123358950/
"新房装修、长租公寓房室内空气质量是否超标？
浙江省消保委帮你免费检测！
",https://www.douban.com/group/topic/123983465/
七堡地铁站、九和路地铁站 各种卧室出租,https://www.douban.com/group/topic/123340748/
个人出租，无中介费，城西银泰对面，朝南带阳台，超大房间,https://www.douban.com/group/topic/123983461/
万达广场旁，德信晓宸单间出租，无中介费，配置齐全,https://www.douban.com/group/topic/123983454/
二号线学院路（地铁站）旁。枫华府第，整租精装一室朝南带阳台，大边套，价格实惠美丽。,https://www.douban.com/group/topic/123983037/
西湖区 学院路 大悦城旁 近地铁口 庆隆苑 一室独卫精装出租,https://www.douban.com/group/topic/123982815/
仓溢东苑独卫单间1300独立洗衣机峰谷电价，阿里海创园附近房东直租,https://www.douban.com/group/topic/123888925/
我是房东，城西银泰旁（申花壹号院）全是女生合租，出租朝南带大阳台次卧、只限女生,https://www.douban.com/group/topic/123982966/
阳光城上府单间独卫带阳台公用厨房 急转租！！！（不收中介费绝对不收） 价格绝对良心公正了,https://www.douban.com/group/topic/123460897/
北宸之光一期找合租小姐姐,https://www.douban.com/group/topic/123673548/
【急 急 急 转租】蒋村花园如意苑2室朝南大卫生间  随时入住,https://www.douban.com/group/topic/123777046/
嘉绿苑北区有房直租，靠近通普路附近,https://www.douban.com/group/topic/123427742/
二号线飞虹路地铁口_江南丽锦大面积三房两卫带衣帽间，带阳台南北通透6500/月有需要的联系我15967189421微信同步,https://www.douban.com/group/topic/123625134/
沈塘桥地铁600米 米市巷三室主卧带阳台 包物业宽带,https://www.douban.com/group/topic/123777802/
整租  西溪八方城，临近阿里巴巴 2室2厅2卫 个人房源，不收中介费，图片均为属实，房间是精装修，家具齐全！,https://www.douban.com/group/topic/122747275/
西溪印象城 水岸花苑 朝南主卧带飘窗 可做饭 付一押一 无中介费,https://www.douban.com/group/topic/122360654/
杭州东站单间出租,https://www.douban.com/group/topic/123820695/
阿里巴巴对面 福鼎家园 一室朝南落地窗 独立厨卫 付一押一 无中介,https://www.douban.com/group/topic/122361676/
未来科技城 阿里巴巴对面 文一路 西溪泊岸 精装一室一厅 独立厨卫 付一押一 无中介,https://www.douban.com/group/topic/122822962/
五常 西溪八方城 精装两室LOFT 朝南落地窗  随时看房 无中介费,https://www.douban.com/group/topic/122823457/
转租云厦连园（西兴地铁站旁）大间带独立大阳台，1800/月,https://www.douban.com/group/topic/121441392/
换工作忍痛转租下沙世贸江滨花园江景房,https://www.douban.com/group/topic/123607923/
北宸之光一期找合租女生,https://www.douban.com/group/topic/123673083/
3000块建国南苑，陆家河头，信余里好房出租，可以做饭价格好商量，付款方式好,https://www.douban.com/group/topic/123827025/
非中介，城西银泰旁，黄龙起步价，金茂悦精装合租单间，可月付，看房方便,https://www.douban.com/group/topic/123181350/
运河广场天阳D32附近 九龙仓碧玺单间一人住首月660两人住首月760 押一付一,https://www.douban.com/group/topic/123797385/
出租，乐嘉国际，恒生科技园对面！西溪蓝海单身公寓降价出租，价格美丽,https://www.douban.com/group/topic/123973674/
蚂蚁Z空间对面。山水人家，原户型三室两厅两卫，出租//朝南主卧独立卫生间带飘窗，价格实惠美丽。,https://www.douban.com/group/topic/123981834/
房东直租朝南独卫独立阳台主卧庆隆苑东区学院北路与隐秀路口，家具家电齐全，2300/月,https://www.douban.com/group/topic/123981815/
,https://www.douban.com/group/145219/?ref=sidebar
非中介，城西银泰旁，黄龙起步价，金茂悦精装合租单间，可月付，看房方便,https://www.douban.com/group/topic/123181350/
运河广场天阳D32附近 九龙仓碧玺单间一人住首月660两人住首月760 押一付一,https://www.douban.com/group/topic/123797385/
出租，乐嘉国际，恒生科技园对面！西溪蓝海单身公寓降价出租，价格美丽,https://www.douban.com/group/topic/123973674/
蚂蚁Z空间对面。山水人家，原户型三室两厅两卫，出租//朝南主卧独立卫生间带飘窗，价格实惠美丽。,https://www.douban.com/group/topic/123981834/
房东直租朝南独卫独立阳台主卧庆隆苑东区学院北路与隐秀路口，家具家电齐全，2300/月,https://www.douban.com/group/topic/123981815/
个人 短租 市中心 交通便利 拎包入住 精装全配(新) 干净整洁  一室一厅套房  135882977705,https://www.douban.com/group/topic/123968457/
（房东地铁2号线口）4300浙大紫金港校区旁望月公寓3室1厨1厅1卫2阳台出租看房13282121865（包物业、网络费）,https://www.douban.com/group/topic/123981760/
转租 滨江江陵路地铁站附近寰宇天下原户型次卧出租 飘窗/独卫,https://www.douban.com/group/topic/123919399/
【合租】2号线墩祥街站 三墩信鸿花园北区 单间 1200 西湖科技园/青蓝科创园/城北软件园/紫金港小区,https://www.douban.com/group/topic/123817996/
西溪欢乐城两房，可做三房，租金2000,https://www.douban.com/group/topic/123981563/
翠苑逸景湾 翠苑三区靠近天堂软件园，中天MCC,https://www.douban.com/group/topic/122905582/
【合租】西兴 阳光城上府 3室主卧   押一付一 妹子合租  免中介费 不用网贷,https://www.douban.com/group/topic/118630221/
黄龙旁边高档单身公寓丁香公寓一室一厅出租，本房源是转租，房东的房子,https://www.douban.com/group/topic/123981452/
翠苑二区两室整租，靠近学院路地铁房，物美超市天堂软件园，无中介押一付一,https://www.douban.com/group/topic/123420198/
无甲醛，我是房东，出租朝晖近地铁次新小区的精装单间，合租，拎包入住可短租,https://www.douban.com/group/topic/123390379/
1号线 闸弄口 零距离 117医院 衣之家 沁园雅舍 精美单间,https://www.douban.com/group/topic/123364688/
坐标-西湖区文二路！招女生室友,https://www.douban.com/group/topic/119672835/
个人出租，西湖区三墩地铁2号线三室一厅，接受押一付一,https://www.douban.com/group/topic/123925390/
余杭南苑 良熟新苑小区  一室独卫阳台出租,https://www.douban.com/group/topic/123981125/
招商雍泽府 单间  七堡地铁口 九和路地铁口,https://www.douban.com/group/topic/122438786/
个人出租，西湖区三墩地铁2号线三室一厅，接受押一付一,https://www.douban.com/group/topic/123918913/
钱江世纪城地铁口超大主卧出租,https://www.douban.com/group/topic/123083039/
整租 拱墅区 中粮大悦城 三宝郡庭 一室一厅一厨卫出租,https://www.douban.com/group/topic/123277219/
城站地铁口酒店公寓一室整租月付2600无中介费可做饭,https://www.douban.com/group/topic/123553478/
黄龙万科，支付宝大楼，德力西大厦，学院路地铁路口旁华门世家精装一房,https://www.douban.com/group/topic/123981076/
,https://www.douban.com/group/145219/?ref=sidebar
招商雍泽府 单间  七堡地铁口 九和路地铁口,https://www.douban.com/group/topic/122438786/
个人出租，西湖区三墩地铁2号线三室一厅，接受押一付一,https://www.douban.com/group/topic/123918913/
钱江世纪城地铁口超大主卧出租,https://www.douban.com/group/topic/123083039/
整租 拱墅区 中粮大悦城 三宝郡庭 一室一厅一厨卫出租,https://www.douban.com/group/topic/123277219/
城站地铁口酒店公寓一室整租月付2600无中介费可做饭,https://www.douban.com/group/topic/123553478/
黄龙万科，支付宝大楼，德力西大厦，学院路地铁路口旁华门世家精装一房,https://www.douban.com/group/topic/123981076/
2号线 人民广场地铁站500 房子出租,https://www.douban.com/group/topic/123981039/
黄龙万科，支付宝大楼，德力西大厦，学院路地铁路口旁华门世家精装一房,https://www.douban.com/group/topic/123981012/
东亚新干线loft 1/4号双地铁直达 彭埠站,https://www.douban.com/group/topic/123980831/
新风地铁站 房东直租 无中介费 拎包即住 独门独户独卫,https://www.douban.com/group/topic/123980876/
三坝 浙大紫金港 城西银泰 矩阵国际 天行国际 押一付一 无中介,https://www.douban.com/group/topic/123980843/
房东直租朝南独卫独立阳台主卧庆隆苑东区学院北路与隐秀路口家具家电齐全2300,https://www.douban.com/group/topic/123980756/
阿里对面，富力天茂广场 朝南公寓出租 近阿里海创园 可步行上班 精装修 拎包入住,https://www.douban.com/group/topic/123278370/
个人房源、西溪首座，西溪花园旁西溪水岸出租朝南单间 有阳台 图片实拍,https://www.douban.com/group/topic/123559610/
首月租金减800 圣苑小区 朝南带阳台 精装月付 免中介费,https://www.douban.com/group/topic/123732857/
望月合租招室友，500/月，限小姐姐,https://www.douban.com/group/topic/123980538/
德信西宸 超南带阳台 精装超南 月付免中介费,https://www.douban.com/group/topic/123799604/
翠苑4区 19栋房屋出租,https://www.douban.com/group/topic/123146233/
拱墅区吉如家园，招室友,https://www.douban.com/group/topic/123091537/
￥￥城西银泰 ￥￥ 【雍荣华庭】精致单间870 非中介,https://www.douban.com/group/topic/122707740/
房东出租带独立厨房独立卫生间的四楼朝南新房间,https://www.douban.com/group/topic/122864686/
北部软件园附近 阳光郡 朝南带阳台 1500 租客转租 品牌装修,https://www.douban.com/group/topic/123980193/
西溪泊岸 近阿里 海创园 海创园 同花顺 西溪银泰 精装修 拎包入住 不收取任何费用,https://www.douban.com/group/topic/123870403/
闸弄口地铁站 机神新村 次卧出租,https://www.douban.com/group/topic/113148671/
@文新地铁，文一路@【湖畔花园太子苑】精致单间870，真实信息无中介,https://www.douban.com/group/topic/123980086/
,https://www.douban.com/group/145219/?ref=sidebar
房东出租带独立厨房独立卫生间的四楼朝南新房间,https://www.douban.com/group/topic/122864686/
北部软件园附近 阳光郡 朝南带阳台 1500 租客转租 品牌装修,https://www.douban.com/group/topic/123980193/
西溪泊岸 近阿里 海创园 海创园 同花顺 西溪银泰 精装修 拎包入住 不收取任何费用,https://www.douban.com/group/topic/123870403/
闸弄口地铁站 机神新村 次卧出租,https://www.douban.com/group/topic/113148671/
@文新地铁，文一路@【湖畔花园太子苑】精致单间870，真实信息无中介,https://www.douban.com/group/topic/123980086/
滨江温兴风情苑主卧出租,https://www.douban.com/group/topic/123544490/
拱墅区求租次卧，价格1500以内，希望合租的是女生,https://www.douban.com/group/topic/123980005/
个人转租  1号线打铁关  东新路德胜路口 杭氧宿舍单间合租  10平 1100元  限女生 ,https://www.douban.com/group/topic/123979970/
价格1600起 精品公寓 黄龙体育场 蚂蚁金服 15267426215 微信同号,https://www.douban.com/group/topic/123979962/
望月招室友，500/月 限小姐姐,https://www.douban.com/group/topic/123979915/
萧山银隆百货青年公寓，旺角城杭发厂2号地铁，可月付可短租，非中介直租,https://www.douban.com/group/topic/119115900/
无中介费，地铁口4号线水澄桥站，小清新风格装修，合租，1450拎包入住,https://www.douban.com/group/topic/121950309/
文三路 康新花园 天苑花园 单间带独卫 价格便宜 价格1850 看房随时,https://www.douban.com/group/topic/123979609/
"黄龙商圈,汇丰公寓,位于聚丰, 中融 ,支付宝大楼,德力西旁",https://www.douban.com/group/topic/123979587/
无中介费，地铁口4号线水澄桥站，全新小清新风格装修，合租，1450拎包入住,https://www.douban.com/group/topic/121973058/
黄龙体育馆旁边 浙大玉泉附近 丁香公寓精装单身公寓出租,https://www.douban.com/group/topic/123979578/
两室两卫一厅一厨招室友，大悦城旁边，,https://www.douban.com/group/topic/123793824/
1号线 婺江路 汽车南站 四季青 望江新园 精美单间 无中介费,https://www.douban.com/group/topic/123085289/
下沙宝龙精装loft了解一下---九月中旬可租,https://www.douban.com/group/topic/116526579/
浙大紫金校区，古墩路地铁口   秀里华庭合租四室出租,https://www.douban.com/group/topic/123979071/
个人直租首月立减六百钱江世纪城飞虹路地铁旁美哉美城单间出租月付,https://www.douban.com/group/topic/123921826/
城市心境，阿里Z空间，无中介费！19906547975,https://www.douban.com/group/topic/123979037/
个人转租 黄龙 支付宝旁边 中融城市花园一室独立厨卫 有需要的朋友联系,https://www.douban.com/group/topic/123979023/
山水人家【朝南大单间落地窗大阳台】,https://www.douban.com/group/topic/123978964/
找女室友！阿里巴巴西溪园区-金地西溪风华,https://www.douban.com/group/topic/123959393/
,https://www.douban.com/group/145219/?ref=sidebar
